SNP,Closest.Gene,GWAS.bone.area,GWAS.lumbar.spine,GWAS.total.hip,GWAS.intertrochanteric.shaft,GWAS.trochanter,GWAS.femoral.neck
rs11614913,MIR196A2,1,1,0,0,0,0
rs143384,GDF5,1,1,0,0,0,0
rs10917168,WNT4,1,1,0,0,0,0
rs143793852,DYM,1,1,0,0,0,0
rs8036748,ADAMTSL3,1,1,0,0,0,0
rs2585073,SH3GL3,1,1,0,0,0,0
rs9341808,BCKDHB,1,1,0,0,0,0
rs72979233,CHRDL2,1,1,0,0,0,0
rs143384,GDF5,1,0,1,0,0,0
rs3753841,COL11A1,1,0,1,0,0,0
rs9830173,ERC2,1,0,1,0,0,0
rs1507462,,1,0,1,0,0,0
rs72834687,TBX4,1,0,1,0,0,0
rs12601029,SOX9,1,0,0,1,0,0
rs1159421,SOX9,1,0,0,1,0,0
rs3753841,COL11A1,1,0,0,1,0,0
rs9830173,ERC2,1,0,0,1,0,0
rs143384,GDF5,1,0,0,0,1,0
rs3753841,COL11A1,1,0,0,0,1,0
rs10783854,CTDSP2,1,0,0,0,1,0
rs12507427,HHIP,1,0,0,0,0,1
