Sample,Sample_Details,Species,Species_Details,Abbr,Abbr_Details,Name,Name_Details,Cell_Type,Rep,MSC_Media,Flow_Cytometry_Name,Fluorescence_Dyes,Sample,Sample_Concentration,Sample_Cell_Count,Cell_Viability_Rep1,Cell_Viability_Rep2,Cell_Viability_Average,Flow_Cytometry_Name,Flow_Cytrometry_Date,Total_Events_Collected,Gate_1_Percentage,Gate_1_Number,Gate_2_Percentage,Gate_2_Number,Gate_3_Percentage,Gate_3_Number,CD90_Percentage,CD90_Number,CD105_Percentage,CD105_Number,CD73_Percentage,CD73_Number,CD45/CD34/CD11b/CD19/HLA-DR_Percentage,CD45/CD34/CD11b/CD19/HLA-DR_Number
Sample,iPSC - control,Human,Human iPSC - control,H1,H1 iPSC - control,H23555,H23555 iPSC - control - rep1,iPSC,1,NA,ISO-Z-H23555p16+29-rep1,"Isotype Controls (positive = 20uL, negative = 20uL) + 1:100 Zombie (100uL)",H23555 p16+29 iPSCs replicate 1 (47uL),3.16 x 106 cells/mL,150000 cells,0.85,0.87,0.86,MSC-collection-20190604,43620,50000,0.263,13150,0.9966,13105.29,0.2086,2733.763494,0.0029,7.927914133,0.0015,4.100645241,0.0026,7.107785084,0.0004,1.093505398
Sample,iPSC - control,Human,Human iPSC - control,H1,H1 iPSC - control,H23555,H23555 iPSC - control - rep1,iPSC,2,NA,ISO-Z-H23555p16+29-rep2,"Isotype Controls (positive = 20uL, negative = 20uL) + 1:100 Zombie (100uL)",H23555 p16+29 iPSCs replicate 2 (39uL),3.86 x 106 cells/mL,150000 cells,0.85,0.67,0.76,MSC-collection-20190604,43620,50000,0.2396,11980,0.9962,11934.476,0.2305,2750.896718,0.0025,6.877241795,0.0011,3.02598639,0.004,11.00358687,0.0022,6.05197278
Sample,iPSC - control,Human,Human iPSC - control,H1,H1 iPSC - control,H23555,H23555 iPSC - control - rep1,iPSC,3,NA,ISO-Z-H23555p16+29-rep3,"Isotype Controls (positive = 20uL, negative = 20uL) + 1:100 Zombie (100uL)",H23555 p16+29 iPSCs replicate 3 (42uL),3.58 x 106 cells/mL,150000 cells,0.89,0.84,0.865,MSC-collection-20190604,43620,50000,0.252,12600,0.9962,12552.12,0.252,3163.13424,0.0009,2.846820816,0.0009,2.846820816,0.0009,2.846820816,0.0025,7.9078356
Sample,iPSC - cocktail,Human,Human iPSC - cocktail,H1,H1 iPSC - cocktail,H23555,H23555 iPSC - cocktail - rep1,iPSC,1,NA,MSC-Z-H23555p16+29-rep1,"MSC Cocktails (positive = 20uL, negative = 20uL) + 1:100 Zombie (100uL)",H23555 p16+29 iPSCs replicate 1 (47uL),3.16 x 106 cells/mL,150000 cells,0.85,0.87,0.86,MSC-collection-20190604,43620,50000,0.2736,13680,0.9951,13612.968,0.1989,2707.619335,0.6414,1736.667042,0.0004,1.083047734,0.0011,2.978381269,0.0018,4.873714803
Sample,iPSC - cocktail,Human,Human iPSC - cocktail,H1,H1 iPSC - cocktail,H23555,H23555 iPSC - cocktail - rep1,iPSC,2,NA,MSC-Z-H23555p16+29-rep2,"MSC Cocktails (positive = 20uL, negative = 20uL) + 1:100 Zombie (100uL)",H23555 p16+29 iPSCs replicate 2 (39uL),3.86 x 106 cells/mL,150000 cells,0.85,0.67,0.76,MSC-collection-20190604,43620,50000,0.2555,12775,0.997,12736.675,0.2697,3435.081248,0.655,2249.978217,0.0012,4.122097497,0.0012,4.122097497,0.0029,9.961735618
Sample,iPSC - cocktail,Human,Human iPSC - cocktail,H1,H1 iPSC - cocktail,H23555,H23555 iPSC - cocktail - rep1,iPSC,3,NA,MSC-Z-H23555p16+29-rep3,"MSC Cocktails (positive = 20uL, negative = 20uL) + 1:100 Zombie (100uL)",H23555 p16+29 iPSCs replicate 3 (42uL),3.58 x 106 cells/mL,150000 cells,0.89,0.84,0.865,MSC-collection-20190604,43620,50000,0.2577,12885,0.9958,12830.883,0.2517,3229.533251,0.6752,2180.580851,0.0006,1.937719951,0.0015,4.844299877,0.0012,3.875439901
Sample,MSC - cocktail,Human,Human MSC - cocktail,H1,H1 MSC - cocktail,H23555,H23555 MSC - cocktail - rep1,MSC,1,3B,MSC-Z-H23555p16+29+11-3B-rep1,"MSC Cocktails (positive = 20uL, negative = 20uL)  + 1:100 Zombie (100uL)",H23555 p16+29+11 (3B) MSCs replicate 1 (427uL),3.51 x 105 cells/mL,150000 cells,0.92,0.95,0.935,MSC-collection-20190604,43620,50000,0.1421,7105,0.9945,7065.9225,0.7079,5001.966538,0.5934,2968.166944,0.699,3496.37461,0.941,4706.850512,0.0062,31.01219253
Sample,MSC - cocktail,Human,Human MSC - cocktail,H1,H1 MSC - cocktail,H23555,H23555 MSC - cocktail - rep1,MSC,2,3B,MSC-Z-H23555p16+29+11-3B-rep2,"MSC Cocktails (positive = 20uL, negative = 20uL)  + 1:100 Zombie (100uL)",H23555 p16+29+11 (3B) MSCs replicate 2 (397uL),3.78 x 105 cells/mL,150000 cells,1,NA,1,MSC-collection-20190604,43620,50000,0.1467,7335,0.9959,7304.9265,0.7567,5527.637883,0.5903,3262.964642,0.6873,3799.145517,0.932,5151.758507,0.0027,14.92462228
Sample,MSC - cocktail,Human,Human MSC - cocktail,H1,H1 MSC - cocktail,H23555,H23555 MSC - cocktail - rep1,MSC,3,3B,MSC-Z-H23555p16+29+11-3B-rep3,"MSC Cocktails (positive = 20uL, negative = 20uL)  + 1:100 Zombie (100uL)",H23555 p16+29+11 (3B) MSCs replicate 3 (414uL),3.62 x 105 cells/mL,150000 cells,0.94,0.72,0.83,MSC-collection-20190604,43620,50000,0.1485,7425,0.9949,7387.1325,0.7021,5186.505728,0.6212,3221.857358,0.6962,3610.845288,0.9512,4933.404249,0.0368,190.8634108
Sample,iPSC - control,Human,Human iPSC - control,H2,H2 iPSC - control,H20157,H20157 iPSC - control,iPSC,1,NA,ISO-Z-H20157p16+22-rep1,"Isotype Controls (positive = 20uL, negative = 20uL) + 1:100 Zombie (100uL)",H20157 p16+22 iPSCs replicate 1 (47uL),4.25 x 106 cells/mL,150000 cells,0.86,0.82,0.84,MSC-collection-20191017,43755,50000,0.3575,17875,0.999,17857.125,0.4319,7712.492288,0.0004,3.084996915,0.0016,12.33998766,0.004,30.84996915,0.0119,91.77865822
Sample,iPSC - control,Human,Human iPSC - control,H2,H2 iPSC - control,H20157,H20157 iPSC - control,iPSC,2,NA,ISO-Z-H20157p16+22-rep2,"Isotype Controls (positive = 20uL, negative = 20uL) + 1:100 Zombie (100uL)",H20157 p16+22 iPSCs replicate 2 (39uL),4.89 x 106 cells/mL,150000 cells,0.57,0.77,0.67,MSC-collection-20191017,43755,50000,0.3547,17735,0.9984,17706.624,0.4524,8010.476698,0.001,8.010476698,0.0012,9.612572037,0.0019,15.21990573,0.0057,45.65971718
Sample,iPSC - control,Human,Human iPSC - control,H2,H2 iPSC - control,H20157,H20157 iPSC - control,iPSC,3,NA,ISO-Z-H20157p16+22-rep3,"Isotype Controls (positive = 20uL, negative = 20uL) + 1:100 Zombie (100uL)",H20157 p16+22 iPSCs replicate 3 (42uL),2.81 x 106 cells/mL,150000 cells,0.9,0.43,0.665,MSC-collection-20191017,43755,50000,0.3627,18135,0.9986,18109.611,0.4664,8446.32257,0.0011,9.290954827,0.0014,11.8248516,0.0015,12.66948386,0.0078,65.88131605
Sample,iPSC - cocktail,Human,Human iPSC - cocktail,H2,H2 iPSC - cocktail,H20157,H20157 iPSC - cocktail,iPSC,1,NA,MSC-Z-H20157p16+22-rep1,"MSC Cocktails (positive = 20uL, negative = 20uL) + 1:100 Zombie (100uL)",H20157 p16+22 iPSCs replicate 1 (47uL),4.25 x 106 cells/mL,150000 cells,0.86,0.82,0.84,MSC-collection-20191017,43755,50000,0.3637,18185,0.9989,18164.9965,0.4343,7889.05798,0.8507,6711.221624,0.0023,18.14483335,0.0008,6.311246384,0.0035,27.61170293
Sample,iPSC - cocktail,Human,Human iPSC - cocktail,H2,H2 iPSC - cocktail,H20157,H20157 iPSC - cocktail,iPSC,2,NA,MSC-Z-H20157p16+22-rep2,"MSC Cocktails (positive = 20uL, negative = 20uL) + 1:100 Zombie (100uL)",H20157 p16+22 iPSCs replicate 2 (39uL),4.89 x 106 cells/mL,150000 cells,0.57,0.77,0.67,MSC-collection-20191017,43755,50000,0.3502,17510,0.999,17492.49,0.4479,7834.886271,0.8561,6707.446137,0.007,54.8442039,0.002,15.66977254,0.0061,47.79280625
Sample,iPSC - cocktail,Human,Human iPSC - cocktail,H2,H2 iPSC - cocktail,H20157,H20157 iPSC - cocktail,iPSC,3,NA,MSC-Z-H20157p16+22-rep3,"MSC Cocktails (positive = 20uL, negative = 20uL) + 1:100 Zombie (100uL)",H20157 p16+22 iPSCs replicate 3 (42uL),2.81 x 106 cells/mL,150000 cells,0.9,0.43,0.665,MSC-collection-20191017,43755,50000,0.3543,17715,0.9987,17691.9705,0.461,8155.998401,0.872,7112.030605,0.0036,29.36159424,0.0006,4.89359904,0.0055,44.8579912
Sample,MSC - cocktail,Human,Human MSC - cocktail,H2,H2 MSC - cocktail,H20157,H20157 MSC - cocktail,MSC,1,3B,MSC-Z-H20157p16+22+13-3B-rep1,"MSC Cocktails (positive = 20uL, negative = 20uL)  + 1:100 Zombie (100uL)",H20157 p16+22+13 (3B) MSCs replicate 1 (427uL),1.47 x 106 cells/mL,150000 cells,0.97,0.99,0.98,MSC-collection-20191017,43755,50000,0.27,13500,0.9952,13435.2,0.8095,10875.7944,0.9946,10817.06511,0.8893,9671.84396,0.9885,10750.72276,0.0026,28.27706544
Sample,MSC - cocktail,Human,Human MSC - cocktail,H2,H2 MSC - cocktail,H20157,H20157 MSC - cocktail,MSC,2,3B,MSC-Z-H20157p16+22+13-3B-rep2,"MSC Cocktails (positive = 20uL, negative = 20uL)  + 1:100 Zombie (100uL)",H20157 p16+22+13 (3B) MSCs replicate 2 (397uL),1.13 x 106 cells/mL,150000 cells,0.97,0.97,0.97,MSC-collection-20191017,43755,50000,0.2556,12780,0.996,12728.88,0.8051,10248.02129,0.9931,10177.30994,0.8816,9034.655568,0.9856,10100.44978,0.0021,21.5208447
Sample,MSC - cocktail,Human,Human MSC - cocktail,H2,H2 MSC - cocktail,H20157,H20157 MSC - cocktail,MSC,3,3B,MSC-Z-H20157p16+22+13-3B-rep3,"MSC Cocktails (positive = 20uL, negative = 20uL)  + 1:100 Zombie (100uL)",H20157 p16+22+13 (3B) MSCs replicate 3 (414uL),1.59 x 106 cells/mL,150000 cells,0.97,0.96,0.965,MSC-collection-20191017,43755,50000,0.2755,13775,0.9966,13728.165,0.8043,11041.56311,0.9918,10951.02229,0.8886,9811.532979,0.9858,10884.77291,0.0017,18.77065729
Sample,iPSC - control,Human,Human iPSC - control,H3,H3 iPSC - control,H28126,H28126 iPSC - control,iPSC,1,NA,ISO-Z-H28126p15+22-rep1,"Isotype Controls (positive = 20uL, negative = 20uL) + 1:100 Zombie (100uL)",H28126 p15+22 iPSCs replicate 1 (29uL),5.13 x 106 cells/mL,150000 cells,0.9,0.8,0.85,MSC-collection-20191030,43768,50000,0.3264,16320,0.999,16303.68,0.5719,9324.074592,0.0008,7.459259674,0.0004,3.729629837,0.0015,13.98611189,0.0034,31.70185361
Sample,iPSC - control,Human,Human iPSC - control,H3,H3 iPSC - control,H28126,H28126 iPSC - control,iPSC,2,NA,ISO-Z-H28126p15+22-rep2,"Isotype Controls (positive = 20uL, negative = 20uL) + 1:100 Zombie (100uL)",H28126 p15+22 iPSCs replicate 2 (32uL),4.75 x 106 cells/mL,150000 cells,0.9,0.45,0.675,MSC-collection-20191030,43768,50000,0.3153,15765,0.9994,15755.541,0.6095,9603.00224,0.001,9.60300224,0.0005,4.80150112,0.001,9.60300224,0.0049,47.05471097
Sample,iPSC - control,Human,Human iPSC - control,H3,H3 iPSC - control,H28126,H28126 iPSC - control,iPSC,3,NA,ISO-Z-H28126p15+22-rep3,"Isotype Controls (positive = 20uL, negative = 20uL) + 1:100 Zombie (100uL)",H28126 p15+22 iPSCs replicate 3 (59uL),2.54 x 106 cells/mL,150000 cells,0.86,0.67,0.765,MSC-collection-20191030,43768,50000,0.3191,15955,0.9997,15950.2135,0.6108,9742.390406,0.0007,6.819673284,0.0018,17.53630273,0.0025,24.35597601,0.0082,79.88760133
Sample,iPSC - cocktail,Human,Human iPSC - cocktail,H3,H3 iPSC - cocktail,H28126,H28126 iPSC - cocktail,iPSC,1,NA,MSC-Z-H28126p15+22-rep1,"MSC Cocktails (positive = 20uL, negative = 20uL) + 1:100 Zombie (100uL)",H28126 p15+22 iPSCs replicate 1 (29uL),5.13 x 106 cells/mL,150000 cells,0.9,0.8,0.85,MSC-collection-20191030,43768,50000,0.3371,16855,0.9995,16846.5725,0.5725,9644.662756,0.8891,8575.069657,0.0012,11.57359531,0.0016,15.43146041,0.0024,23.14719062
Sample,iPSC - cocktail,Human,Human iPSC - cocktail,H3,H3 iPSC - cocktail,H28126,H28126 iPSC - cocktail,iPSC,2,NA,MSC-Z-H28126p15+22-rep2,"MSC Cocktails (positive = 20uL, negative = 20uL) + 1:100 Zombie (100uL)",H28126 p15+22 iPSCs replicate 2 (32uL),4.75 x 106 cells/mL,150000 cells,0.9,0.45,0.675,MSC-collection-20191030,43768,50000,0.325,16250,0.9996,16243.5,0.6058,9840.3123,0.8835,8693.915917,0.0008,7.87224984,0.0004,3.93612492,0.0021,20.66465583
Sample,iPSC - cocktail,Human,Human iPSC - cocktail,H3,H3 iPSC - cocktail,H28126,H28126 iPSC - cocktail,iPSC,3,NA,MSC-Z-H28126p15+22-rep3,"MSC Cocktails (positive = 20uL, negative = 20uL) + 1:100 Zombie (100uL)",H28126 p15+22 iPSCs replicate 3 (59uL),2.54 x 106 cells/mL,150000 cells,0.86,0.67,0.765,MSC-collection-20191030,43768,50000,0.2919,14595,0.9993,14584.7835,0.6062,8841.295758,0.9143,8083.596711,0.0008,7.073036606,0.0015,13.26194364,0.0031,27.40801685
Sample,MSC - cocktail,Human,Human MSC - cocktail,H3,H3 MSC - cocktail,H28126,H28126 MSC - cocktail,MSC,1,3B,MSC-Z-H28126p15+28+10-3B-rep1,"MSC Cocktails (positive = 20uL, negative = 20uL)  + 1:100 Zombie (100uL)",H28126 p15+28+10 (3B) MSCs replicate 1 (100uL),[too low to count],NA cells,NA,NA,NA,MSC-collection-20191030,43768,4531,0.1949,883.0919,0.9853,870.1104491,0.3713,323.0720097,0.1981,64.00056513,0.3901,126.030391,0.6223,201.0477117,0.3189,103.0276639
Sample,iPSC - control,Human,Human iPSC - control,H4,H4 iPSC - control,H28834,H28834 iPSC - control,iPSC,1,NA,ISO-Z-H28834p13+24-rep2a,"Isotype Controls (positive = 20uL, negative = 20uL) + 1:100 Zombie (100uL)",H28834 p13+24 iPSCs replicate 2a (29uL),3.45 x 106 cells/mL,100000 cells,0.55,0.51,0.53,MSC-collection-20191024,43762,50000,0.2383,11915,0.9987,11899.5105,0.4418,5257.203739,0.0023,12.0915686,0.0021,11.04012785,0.0057,29.96606131,0.0118,62.03500412
Sample,iPSC - control,Human,Human iPSC - control,H4,H4 iPSC - control,H28834,H28834 iPSC - control,iPSC,2,NA,ISO-Z-H28834p13+24-rep2b,"Isotype Controls (positive = 20uL, negative = 20uL) + 1:100 Zombie (100uL)",H28834 p13+24 iPSCs replicate 2b (29uL),3.45 x 106 cells/mL,100000 cells,0.55,0.51,0.53,MSC-collection-20191024,43762,50000,0.2573,12865,0.9983,12843.1295,0.3764,4834.153944,0.0008,3.867323155,0.0072,34.8059084,0.0108,52.20886259,0.0221,106.8348022
Sample,iPSC - control,Human,Human iPSC - control,H4,H4 iPSC - control,H28834,H28834 iPSC - control,iPSC,3,NA,ISO-Z-H28834p13+24-rep3,"Isotype Controls (positive = 20uL, negative = 20uL) + 1:100 Zombie (100uL)",H28834 p13+24 iPSCs replicate 3 (53uL),1.90 x 106 cells/mL,100000 cells,0.57,0.41,0.49,MSC-collection-20191024,43762,50000,0.262,13100,0.9976,13068.56,0.4704,6147.450624,0.0011,6.762195686,0.0023,14.13913644,0.0068,41.80266424,0.0111,68.23670193
Sample,iPSC - cocktail,Human,Human iPSC - cocktail,H4,H4 iPSC - cocktail,H28834,H28834 iPSC - cocktail,iPSC,1,NA,MSC-Z-H28834p13+24-rep2a,"MSC Cocktails (positive = 20uL, negative = 20uL) + 1:100 Zombie (100uL)",H28834 p13+24 iPSCs replicate 2a (29uL),3.45 x 106 cells/mL,100000 cells,0.55,0.51,0.53,MSC-collection-20191024,43762,50000,0.2451,12255,0.9979,12229.2645,0.3862,4722.94195,0.9043,4270.956405,0.0051,24.08700394,0.0021,9.918178095,0.0083,39.20041818
Sample,iPSC - cocktail,Human,Human iPSC - cocktail,H4,H4 iPSC - cocktail,H28834,H28834 iPSC - cocktail,iPSC,2,NA,MSC-Z-H28834p13+24-rep2b,"MSC Cocktails (positive = 20uL, negative = 20uL) + 1:100 Zombie (100uL)",H28834 p13+24 iPSCs replicate 2b (29uL),3.45 x 106 cells/mL,100000 cells,0.55,0.51,0.53,MSC-collection-20191024,43762,50000,0.2494,12470,0.9977,12441.319,0.3762,4680.424208,0.9015,4219.402423,0.0068,31.82688461,0.0028,13.10518778,0.0085,39.78360577
Sample,iPSC - cocktail,Human,Human iPSC - cocktail,H4,H4 iPSC - cocktail,H28834,H28834 iPSC - cocktail,iPSC,3,NA,MSC-Z-H28834p13+24-rep3,"MSC Cocktails (positive = 20uL, negative = 20uL) + 1:100 Zombie (100uL)",H28834 p13+24 iPSCs replicate 3 (53uL),1.90 x 106 cells/mL,100000 cells,0.57,0.41,0.49,MSC-collection-20191024,43762,50000,0.2638,13190,0.998,13163.62,0.4793,6309.323066,0.9195,5801.422559,0.0057,35.96314148,0.0033,20.82076612,0.0089,56.15297529
Sample,MSC - cocktail,Human,Human MSC - cocktail,H4,H4 MSC - cocktail,H28834,H28834 MSC - cocktail,MSC,1,2B,MSC-Z-H28834p13+24+15-2B-rep1a,"MSC Cocktails (positive = 20uL, negative = 20uL)  + 1:100 Zombie (100uL)",H28834 p13+24+15 (2B) MSCs replicate 1a (166uL),0.69 x 106 cells/mL,115000 cells,0.77,0.79,0.78,MSC-collection-20191024,43762,50000,0.2018,10090,0.9783,9871.047,0.5093,5027.324237,0.9431,4741.269488,0.7054,3546.274517,0.9145,4597.488015,0.0018,9.049183627
Sample,MSC - cocktail,Human,Human MSC - cocktail,H4,H4 MSC - cocktail,H28834,H28834 MSC - cocktail,MSC,2,2B,MSC-Z-H28834p13+24+15-2B-rep1b,"MSC Cocktails (positive = 20uL, negative = 20uL)  + 1:100 Zombie (100uL)",H28834 p13+24+15 (2B) MSCs replicate 1b (166uL),0.69 x 106 cells/mL,115000 cells,0.77,0.79,0.78,MSC-collection-20191024,43762,50000,0.202,10100,0.9787,9884.87,0.5335,5273.578145,0.946,4988.804925,0.7039,3712.071656,0.9162,4831.652296,0.0032,16.87545006
Sample,MSC - cocktail,Human,Human MSC - cocktail,H4,H4 MSC - cocktail,H28834,H28834 MSC - cocktail,MSC,3,2B,MSC-Z-H28834p13+24+15-2B-rep1c,"MSC Cocktails (positive = 20uL, negative = 20uL)  + 1:100 Zombie (100uL)",H28834 p13+24+15 (2B) MSCs replicate 1c (166uL),0.69 x 106 cells/mL,115000 cells,0.77,0.79,0.78,MSC-collection-20191024,43762,50000,0.2092,10460,0.9819,10270.674,0.5302,5445.511355,0.9456,5149.275537,0.6937,3777.551227,0.9153,4984.276543,0.0026,14.15832952
Sample,iPSC - control,Human,Human iPSC - control,H5,H5 iPSC - control,H21792,H21792 iPSC - control,iPSC,1,NA,ISO-Z-H21792p15+20-rep1a,"Isotype Controls (positive = 20uL, negative = 20uL) + 1:100 Zombie (100uL)",H21792 p15+20 iPSCs replicate 1a (46uL),7.34 x 106 cells/mL,150000 cells,0.45,0.44,0.445,MSC-collection-20191210,43809,50000,0.3029,15145,0.9986,15123.797,0.4504,6811.758169,0.0021,14.30469215,0.0276,188.0045255,0.0197,134.1916359,0.0137,93.32108691
Sample,iPSC - control,Human,Human iPSC - control,H5,H5 iPSC - control,H21792,H21792 iPSC - control,iPSC,2,NA,ISO-Z-H21792p15+20-rep1b,"Isotype Controls (positive = 20uL, negative = 20uL) + 1:100 Zombie (100uL)",H21792 p15+20 iPSCs replicate 1b (46uL),7.34 x 106 cells/mL,150000 cells,0.45,0.44,0.445,MSC-collection-20191210,43809,50000,0.3046,15230,0.9988,15211.724,0.4764,7246.865314,0.0025,18.11716328,0.0411,297.8461644,0.0215,155.8076042,0.0157,113.7757854
Sample,iPSC - control,Human,Human iPSC - control,H5,H5 iPSC - control,H21792,H21792 iPSC - control,iPSC,3,NA,ISO-Z-H21792p15+20-rep1c,"Isotype Controls (positive = 20uL, negative = 20uL) + 1:100 Zombie (100uL)",H21792 p15+20 iPSCs replicate 1c (46uL),7.34 x 106 cells/mL,150000 cells,0.45,0.44,0.445,MSC-collection-20191210,43809,50000,0.3064,15320,0.9991,15306.212,0.501,7668.412212,0.0023,17.63734809,0.0201,154.1350855,0.01,76.68412212,0.0047,36.0415374
Sample,iPSC - cocktail,Human,Human iPSC - cocktail,H5,H5 iPSC - cocktail,H21792,H21792 iPSC - cocktail,iPSC,1,NA,MSC-Z-H21792p15+20-rep1a,"MSC Cocktails (positive = 20uL, negative = 20uL) + 1:100 Zombie (100uL)",H21792 p15+20 iPSCs replicate 1a (46uL),7.34 x 106 cells/mL,150000 cells,0.45,0.44,0.445,MSC-collection-20191210,43809,50000,0.3036,15180,0.9987,15160.266,0.4708,7137.453233,0.819,5845.574198,0.043,306.910489,0.0032,22.83985034,0.0035,24.98108631
Sample,iPSC - cocktail,Human,Human iPSC - cocktail,H5,H5 iPSC - cocktail,H21792,H21792 iPSC - cocktail,iPSC,2,NA,MSC-Z-H21792p15+20-rep1b,"MSC Cocktails (positive = 20uL, negative = 20uL) + 1:100 Zombie (100uL)",H21792 p15+20 iPSCs replicate 1b (46uL),7.34 x 106 cells/mL,150000 cells,0.45,0.44,0.445,MSC-collection-20191210,43809,50000,0.3031,15155,0.9987,15135.2985,0.4894,7407.215086,0.8137,6027.250915,0.0409,302.955097,0.0049,36.29535392,0.0153,113.3303908
Sample,iPSC - cocktail,Human,Human iPSC - cocktail,H5,H5 iPSC - cocktail,H21792,H21792 iPSC - cocktail,iPSC,3,NA,MSC-Z-H21792p15+20-rep1c,"MSC Cocktails (positive = 20uL, negative = 20uL) + 1:100 Zombie (100uL)",H21792 p15+20 iPSCs replicate 1c (46uL),7.34 x 106 cells/mL,150000 cells,0.45,0.44,0.445,MSC-collection-20191210,43809,50000,0.301,15050,0.9985,15027.425,0.511,7679.014175,0.7902,6067.957001,0.0298,228.8346224,0.001,7.679014175,0.0161,123.6321282
Sample,MSC - cocktail,Human,Human MSC - cocktail,H5,H5 MSC - cocktail,H21792,H21792 MSC - cocktail,MSC,1,2B,MSC-Z-H21792p15+20+11-2B-rep1a,"MSC Cocktails (positive = 20uL, negative = 20uL)  + 1:100 Zombie (100uL)",H21792 p15+20+11 (2B) MSCs replicate 1a (166uL),0.71 x 106 cells/mL,118000 cells,0.95,0.89,0.92,MSC-collection-20191210,43809,50000,0.1399,6995,0.9804,6857.898,0.3518,2412.608516,0.7371,1778.333737,0.0419,101.0882968,0.4722,1139.233741,0.0025,6.031521291
Sample,MSC - cocktail,Human,Human MSC - cocktail,H5,H5 MSC - cocktail,H21792,H21792 MSC - cocktail,MSC,2,2B,MSC-Z-H21792p15+20+11-2B-rep1b,"MSC Cocktails (positive = 20uL, negative = 20uL)  + 1:100 Zombie (100uL)",H21792 p15+20+11 (2B) MSCs replicate 1b (166uL),0.71 x 106 cells/mL,118000 cells,0.95,0.89,0.92,MSC-collection-20191210,43809,50000,0.1478,7390,0.9838,7270.282,0.3465,2519.152713,0.7425,1870.470889,0.0671,169.035147,0.4829,1216.498845,0.0063,15.87066209
Sample,MSC - cocktail,Human,Human MSC - cocktail,H5,H5 MSC - cocktail,H21792,H21792 MSC - cocktail,MSC,3,2B,MSC-Z-H21792p15+20+11-2B-rep1c,"MSC Cocktails (positive = 20uL, negative = 20uL)  + 1:100 Zombie (100uL)",H21792 p15+20+11 (2B) MSCs replicate 1c (166uL),0.71 x 106 cells/mL,118000 cells,0.95,0.89,0.92,MSC-collection-20191210,43809,50000,0.142,7100,0.9837,6984.27,0.356,2486.40012,0.747,1857.34089,0.0539,134.0169665,0.496,1233.25446,0.0038,9.448320456
Sample,iPSC - control,Human,Human iPSC - control,H6,H6 iPSC - control,H20961,H20961 iPSC - control,iPSC,1,NA,ISO-Z-H20961p13+24-rep1,"Isotype Controls (positive = 20uL, negative = 20uL) + 1:100 Zombie (100uL)",H20961 p13+24 iPSCs replicate 1 (80uL),2.40 x 106 cells/mL,150000 cells,0.83,0.74,0.785,MSC-collection-20191210,43809,50000,0.2299,11495,0.999,11483.505,0.6535,7504.470518,0.0004,3.001788207,0.0147,110.3157166,0.0257,192.8648923,0.0224,168.1001396
Sample,iPSC - control,Human,Human iPSC - control,H6,H6 iPSC - control,H20961,H20961 iPSC - control,iPSC,2,NA,ISO-Z-H20961p13+24-rep2,"Isotype Controls (positive = 20uL, negative = 20uL) + 1:100 Zombie (100uL)",H20961 p13+24 iPSCs replicate 2 (115uL),1.62 x 106 cells/mL,150000 cells,0.83,0.79,0.81,MSC-collection-20191210,43809,50000,0.2493,12465,0.9988,12450.042,0.6794,8458.558535,0.0006,5.075135121,0.0241,203.8512607,0.0528,446.6118906,0.0364,307.8915307
Sample,iPSC - control,Human,Human iPSC - control,H6,H6 iPSC - control,H20961,H20961 iPSC - control,iPSC,3,NA,ISO-Z-H20961p13+24-rep3,"Isotype Controls (positive = 20uL, negative = 20uL) + 1:100 Zombie (100uL)",H20961 p13+24 iPSCs replicate 3 (165uL),1.49 x 106 cells/mL,150000 cells,0.62,0.61,0.615,MSC-collection-20191210,43809,50000,0.2564,12820,0.9993,12811.026,0.7506,9615.956116,0.0006,5.769573669,0.001,9.615956116,0.0053,50.96456741,0.0051,49.04137619
Sample,iPSC - cocktail,Human,Human iPSC - cocktail,H6,H6 iPSC - cocktail,H20961,H20961 iPSC - cocktail,iPSC,1,NA,MSC-Z-H20961p13+24-rep1,"MSC Cocktails (positive = 20uL, negative = 20uL) + 1:100 Zombie (100uL)",H20961 p13+24 iPSCs replicate 1 (80uL),2.40 x 106 cells/mL,150000 cells,0.83,0.74,0.785,MSC-collection-20191210,43809,50000,0.2289,11445,0.999,11433.555,0.6554,7493.551947,0.7324,5488.277446,0.0339,254.031411,0.0166,124.3929623,0.0084,62.94583635
Sample,iPSC - cocktail,Human,Human iPSC - cocktail,H6,H6 iPSC - cocktail,H20961,H20961 iPSC - cocktail,iPSC,2,NA,MSC-Z-H20961p13+24-rep2,"MSC Cocktails (positive = 20uL, negative = 20uL) + 1:100 Zombie (100uL)",H20961 p13+24 iPSCs replicate 2 (115uL),1.62 x 106 cells/mL,150000 cells,0.83,0.79,0.81,MSC-collection-20191210,43809,50000,0.2436,12180,0.9989,12166.602,0.7054,8582.321051,0.7379,6332.894703,0.0219,187.952831,0.0051,43.76983736,0.0043,36.90398052
Sample,iPSC - cocktail,Human,Human iPSC - cocktail,H6,H6 iPSC - cocktail,H20961,H20961 iPSC - cocktail,iPSC,3,NA,MSC-Z-H20961p13+24-rep3,"MSC Cocktails (positive = 20uL, negative = 20uL) + 1:100 Zombie (100uL)",H20961 p13+24 iPSCs replicate 3 (165uL),1.49 x 106 cells/mL,150000 cells,0.62,0.61,0.615,MSC-collection-20191210,43809,50000,0.2391,11955,0.9992,11945.436,0.7396,8834.844466,0.7079,6254.186397,0.0065,57.42648903,0.0012,10.60181336,0.0038,33.57240897
Sample,MSC - cocktail,Human,Human MSC - cocktail,H6,H6 MSC - cocktail,H20961,H20961 MSC - cocktail,MSC,1,2B,MSC-Z-H20961p13+28+8-2B-rep1,"MSC Cocktails (positive = 20uL, negative = 20uL)  + 1:100 Zombie (100uL)",H20961 p13+28+8 (2B) MSCs replicate 1 (234uL),0.64 x 106 cells/mL,150000 cells,0.82,0.9,0.86,MSC-collection-20191210,43809,50000,0.1946,9730,0.994,9671.62,0.6544,6329.108128,0.9115,5768.982059,0.1328,840.5055594,0.8975,5680.374545,0.0049,31.01262983
Sample,MSC - cocktail,Human,Human MSC - cocktail,H6,H6 MSC - cocktail,H20961,H20961 MSC - cocktail,MSC,2,2B,MSC-Z-H20961p13+28+8-2B-rep2,"MSC Cocktails (positive = 20uL, negative = 20uL)  + 1:100 Zombie (100uL)",H20961 p13+28+8 (2B) MSCs replicate 2 (203uL),0.74 x 106 cells/mL,150000 cells,1,0.82,0.91,MSC-collection-20191210,43809,50000,0.1966,9830,0.9929,9760.207,0.6484,6328.518219,0.9207,5826.666724,0.1726,1092.302245,0.9071,5740.598876,0.0095,60.12092308
Sample,MSC - cocktail,Human,Human MSC - cocktail,H6,H6 MSC - cocktail,H20961,H20961 MSC - cocktail,MSC,3,2B,MSC-Z-H20961p13+28+8-2B-rep3,"MSC Cocktails (positive = 20uL, negative = 20uL)  + 1:100 Zombie (100uL)",H20961 p13+28+8 (2B) MSCs replicate 3 (231uL),0.65 x 106 cells/mL,150000 cells,0.79,0.82,0.805,MSC-collection-20191210,43809,50000,0.1795,8975,0.993,8912.175,0.6425,5726.072438,0.9267,5306.351328,0.1393,797.6418905,0.919,5262.26057,0.0063,36.07425636
Sample,iPSC - control,Human,Human iPSC - control,H1-r2,H1-r2 iPSC - control,H23555,H23555 iPSC - control - rep2,iPSC,1,NA,ISO-Z-H23555p16+29-rep1,"Isotype Controls (positive = 20uL, negative = 20uL) + 1:100 Zombie (100uL)",H23555 p16+29 iPSCs replicate 1 (61uL),4.85 x 106 cells/mL,150000 cells,0.56,0.46,0.51,MSC-collection-20191028,43766,50000,0.3825,19125,0.9658,18470.925,0.5047,9322.275848,0.038,354.2464822,0.0329,306.7028754,0.0029,27.03459996,0.0068,63.39147576
Sample,iPSC - control,Human,Human iPSC - control,H1-r2,H1-r2 iPSC - control,H23555,H23555 iPSC - control - rep2,iPSC,2,NA,ISO-Z-H23555p16+29-rep2,"Isotype Controls (positive = 20uL, negative = 20uL) + 1:100 Zombie (100uL)",H23555 p16+29 iPSCs replicate 2 (38uL),5.84 x 106 cells/mL,150000 cells,0.55,0.8,0.675,MSC-collection-20191028,43766,50000,0.3608,18040,0.9483,17107.332,0.5319,9099.389891,0.0441,401.2830942,0.0751,683.3641808,0.0058,52.77646137,0.0066,60.05597328
Sample,iPSC - control,Human,Human iPSC - control,H1-r2,H1-r2 iPSC - control,H23555,H23555 iPSC - control - rep2,iPSC,3,NA,ISO-Z-H23555p16+29-rep3,"Isotype Controls (positive = 20uL, negative = 20uL) + 1:100 Zombie (100uL)",H23555 p16+29 iPSCs replicate 3 (65uL),4.79 x 106 cells/mL,150000 cells,0.5,0.46,0.48,MSC-collection-20191028,43766,50000,0.3751,18755,0.9415,17657.8325,0.6254,11043.20845,0.0494,545.5344972,0.0933,1030.331348,0.004,44.17283378,0.0069,76.19813827
Sample,iPSC - cocktail,Human,Human iPSC - cocktail,H1-r2,H1-r2 iPSC - cocktail,H23555,H23555 iPSC - cocktail - rep2,iPSC,1,NA,MSC-Z-H23555p16+29-rep1,"MSC Cocktails (positive = 20uL, negative = 20uL) + 1:100 Zombie (100uL)",H23555 p16+29 iPSCs replicate 1 (61uL),4.85 x 106 cells/mL,150000 cells,0.56,0.46,0.51,MSC-collection-20191028,43766,50000,0.3964,19820,0.9654,19134.228,0.5446,10420.50057,0.8419,8773.019429,0.066,687.7530375,0.0026,27.09330148,0.0059,61.48095336
Sample,iPSC - cocktail,Human,Human iPSC - cocktail,H1-r2,H1-r2 iPSC - cocktail,H23555,H23555 iPSC - cocktail - rep2,iPSC,2,NA,MSC-Z-H23555p16+29-rep2,"MSC Cocktails (positive = 20uL, negative = 20uL) + 1:100 Zombie (100uL)",H23555 p16+29 iPSCs replicate 2 (38uL),5.84 x 106 cells/mL,150000 cells,0.55,0.8,0.675,MSC-collection-20191028,43766,50000,0.3717,18585,0.9426,17518.221,0.5811,10179.83822,0.8654,8809.631998,0.1162,1182.897202,0.0033,33.59346614,0.0055,55.98911023
Sample,iPSC - cocktail,Human,Human iPSC - cocktail,H1-r2,H1-r2 iPSC - cocktail,H23555,H23555 iPSC - cocktail - rep2,iPSC,3,NA,MSC-Z-H23555p16+29-rep3,"MSC Cocktails (positive = 20uL, negative = 20uL) + 1:100 Zombie (100uL)",H23555 p16+29 iPSCs replicate 3 (65uL),4.79 x 106 cells/mL,150000 cells,0.5,0.46,0.48,MSC-collection-20191028,43766,50000,0.3758,18790,0.9455,17765.945,0.6342,11267.16232,0.8532,9613.142891,0.0958,1079.39415,0.0052,58.58924406,0.0075,84.50371739
Sample,MSC - cocktail,Human,Human MSC - cocktail,H1-r2,H1-r2 MSC - cocktail,H23555,H23555 MSC - cocktail - rep2,MSC,1,2B,MSC-Z-H23555p16+29+13-2B-rep1,"MSC Cocktails (positive = 20uL, negative = 20uL)  + 1:100 Zombie (100uL)",H23555 p16+29+13 (2B) MSCs replicate 1 (192uL),7.80 x 105 cells/mL,150000 cells,0.95,0.95,0.95,MSC-collection-20191028,43766,50000,0.1372,6860,0.9416,6459.376,0.7889,5095.801726,0.9474,4827.762556,0.7233,3685.793389,0.0082,41.78557416,0.0039,19.87362673
Sample,MSC - cocktail,Human,Human MSC - cocktail,H1-r2,H1-r2 MSC - cocktail,H23555,H23555 MSC - cocktail - rep2,MSC,2,2B,MSC-Z-H23555p16+29+13-2B-rep2,"MSC Cocktails (positive = 20uL, negative = 20uL)  + 1:100 Zombie (100uL)",H23555 p16+29+13 (2B) MSCs replicate 2 (170uL),8.80 x 105 cells/mL,150000 cells,0.99,1,0.995,MSC-collection-20191028,43766,50000,0.14,7000,0.9287,6500.9,0.773,5025.1957,0.9417,4732.226791,0.8125,4082.971506,0.0141,70.85525937,0.006,30.1511742
Sample,MSC - cocktail,Human,Human MSC - cocktail,H1-r2,H1-r2 MSC - cocktail,H23555,H23555 MSC - cocktail - rep2,MSC,3,2B,MSC-Z-H23555p16+29+13-2B-rep3,"MSC Cocktails (positive = 20uL, negative = 20uL)  + 1:100 Zombie (100uL)",H23555 p16+29+13 (2B) MSCs replicate 3 (149uL),1.01 x 106 cells/mL,150000 cells,0.99,0.99,0.99,MSC-collection-20191028,43766,50000,0.1313,6565,0.9356,6142.214,0.7846,4819.181104,0.9552,4603.281791,0.8274,3987.390446,0.0106,51.08331971,0.0048,23.1320693
Sample,iPSC - control,Chimpanzee,Chimpanzee iPSC - control,C1,C1 iPSC - control,C8861,C8861 iPSC - control - rep1,iPSC,1,NA,ISO-Z-C8861p15+18-rep1,"Isotype Controls (positive = 20uL, negative = 20uL) + 1:100 Zombie (100uL)",C8861 p15+18 iPSCs replicate 1 (15uL),9.81 x 106 cells/mL,150000 cells,0.51,0.81,0.66,MSC-collection-20190604,43620,50000,0.2709,13545,0.9994,13536.873,0.5072,6865.901986,0.0015,10.29885298,0.0004,2.746360794,0.0013,8.925672581,0.0015,10.29885298
Sample,iPSC - control,Chimpanzee,Chimpanzee iPSC - control,C1,C1 iPSC - control,C8861,C8861 iPSC - control - rep1,iPSC,2,NA,ISO-Z-C8861p15+18-rep2,"Isotype Controls (positive = 20uL, negative = 20uL) + 1:100 Zombie (100uL)",C8861 p15+18 iPSCs replicate 2 (18uL),8.47 x 106 cells/mL,150000 cells,0.9,0.87,0.885,MSC-collection-20190604,43620,50000,0.2639,13195,0.999,13181.805,0.5486,7231.538223,0.001,7.231538223,0.0004,2.892615289,0.0017,12.29361498,0.0024,17.35569174
Sample,iPSC - control,Chimpanzee,Chimpanzee iPSC - control,C1,C1 iPSC - control,C8861,C8861 iPSC - control - rep1,iPSC,3,NA,ISO-Z-C8861p15+18-rep3,"Isotype Controls (positive = 20uL, negative = 20uL) + 1:100 Zombie (100uL)",C8861 p15+18 iPSCs replicate 3 (17uL),8.63 x 106 cells/mL,150000 cells,0.59,0.46,0.525,MSC-collection-20190604,43620,50000,0.2919,14595,0.9995,14587.7025,0.5272,7690.636758,0.0013,9.997827785,0.0025,19.2265919,0.0044,33.83880174,0.0014,10.76689146
Sample,iPSC - cocktail,Chimpanzee,Chimpanzee iPSC - cocktail,C1,C1 iPSC - cocktail,C8861,C8861 iPSC - cocktail - rep1,iPSC,1,NA,MSC-Z-C8861p15+18-rep1,"MSC Cocktails (positive = 20uL, negative = 20uL) + 1:100 Zombie (100uL)",C8861 p15+18 iPSCs replicate 1 (15uL),9.81 x 106 cells/mL,150000 cells,0.51,0.81,0.66,MSC-collection-20190604,43620,50000,0.2794,13970,0.9994,13961.618,0.5316,7421.996129,0.915,6791.126458,0.0001,0.742199613,0,0,0.0016,11.87519381
Sample,iPSC - cocktail,Chimpanzee,Chimpanzee iPSC - cocktail,C1,C1 iPSC - cocktail,C8861,C8861 iPSC - cocktail - rep1,iPSC,2,NA,MSC-Z-C8861p15+18-rep2,"MSC Cocktails (positive = 20uL, negative = 20uL) + 1:100 Zombie (100uL)",C8861 p15+18 iPSCs replicate 2 (18uL),8.47 x 106 cells/mL,150000 cells,0.9,0.87,0.885,MSC-collection-20190604,43620,50000,0.2808,14040,0.9991,14027.364,0.5373,7536.902677,0.9306,7013.841631,0.0005,3.768451339,0.0004,3.014761071,0.0017,12.81273455
Sample,iPSC - cocktail,Chimpanzee,Chimpanzee iPSC - cocktail,C1,C1 iPSC - cocktail,C8861,C8861 iPSC - cocktail - rep1,iPSC,3,NA,MSC-Z-C8861p15+18-rep3,"MSC Cocktails (positive = 20uL, negative = 20uL) + 1:100 Zombie (100uL)",C8861 p15+18 iPSCs replicate 3 (17uL),8.63 x 106 cells/mL,150000 cells,0.59,0.46,0.525,MSC-collection-20190604,43620,50000,0.2764,13820,0.9993,13810.326,0.5509,7608.108593,0.9332,7099.886939,0.0001,0.760810859,0.0004,3.043243437,0.0018,13.69459547
Sample,MSC - cocktail,Chimpanzee,Chimpanzee MSC - cocktail,C1,C1 MSC - cocktail,C8861,C8861 MSC - cocktail - rep1,MSC,1,3B,MSC-Z-C8861p15+18+18-3B-rep1,"MSC Cocktails (positive = 20uL, negative = 20uL)  + 1:100 Zombie (100uL)",C8861 p15+18+18 (3B) MSCs replicate 1 (247uL),6.07 x 105 cells/mL,150000 cells,0.98,0.98,0.98,MSC-collection-20190604,43620,50000,0.1549,7745,0.9977,7727.1865,0.82,6336.29293,0.9547,6049.25886,0.601,3808.112051,0.817,5176.751324,0.0035,22.17702526
Sample,MSC - cocktail,Chimpanzee,Chimpanzee MSC - cocktail,C1,C1 MSC - cocktail,C8861,C8861 MSC - cocktail - rep1,MSC,2,3B,MSC-Z-C8861p15+18+18-3B-rep2,"MSC Cocktails (positive = 20uL, negative = 20uL)  + 1:100 Zombie (100uL)",C8861 p15+18+18 (3B) MSCs replicate 2 (195uL),7.69 x 105 cells/mL,150000 cells,0.98,1,0.99,MSC-collection-20190604,43620,50000,0.1383,6915,0.9981,6901.8615,0.7706,5318.574472,0.9404,5001.587433,0.5892,3133.704079,0.9005,4789.376312,0.0016,8.509719155
Sample,MSC - cocktail,Chimpanzee,Chimpanzee MSC - cocktail,C1,C1 MSC - cocktail,C8861,C8861 MSC - cocktail - rep1,MSC,3,3B,MSC-Z-C8861p15+18+18-3B-rep3,"MSC Cocktails (positive = 20uL, negative = 20uL)  + 1:100 Zombie (100uL)",C8861 p15+18+18 (3B) MSCs replicate 3 (201uL),7.47 x 105 cells/mL,150000 cells,1,0.96,0.98,MSC-collection-20190604,43620,50000,0.1382,6910,0.9968,6887.888,0.8001,5510.999189,0.9526,5249.777827,0.6268,3454.294292,0.9236,5089.958851,0.0111,61.172091
Sample,iPSC - control,Chimpanzee,Chimpanzee iPSC - control,C2,C2 iPSC - control,C3647,C3647 iPSC - control,iPSC,1,NA,ISO-Z-C3647p15+22-rep1,"Isotype Controls (positive = 20uL, negative = 20uL) + 1:100 Zombie (100uL)",C3647 p15+22 iPSCs replicate 1 (15uL),7.35 x 105 cells/mL,35000 cells,0.78,0.74,0.76,MSC-collection-20191017,43755,50000,0.3251,16255,0.9986,16232.243,0.1899,3082.502946,0.0003,0.924750884,0.0003,0.924750884,0.0006,1.849501767,0.0023,7.089756775
Sample,iPSC - control,Chimpanzee,Chimpanzee iPSC - control,C2,C2 iPSC - control,C3647,C3647 iPSC - control,iPSC,2,NA,ISO-Z-C3647p15+22-rep2,"Isotype Controls (positive = 20uL, negative = 20uL) + 1:100 Zombie (100uL)",C3647 p15+22 iPSCs replicate 2 (18uL),4.63 x 105 cells/mL,23000 cells,0.58,0.71,0.645,MSC-collection-20191017,43755,50000,0.2988,14940,0.9985,14917.59,0.2207,3292.312113,0.0027,8.889242705,0.0015,4.93846817,0.0015,4.93846817,0.0021,6.913855437
Sample,iPSC - control,Chimpanzee,Chimpanzee iPSC - control,C2,C2 iPSC - control,C3647,C3647 iPSC - control,iPSC,3,NA,ISO-Z-C3647p15+22-rep3,"Isotype Controls (positive = 20uL, negative = 20uL) + 1:100 Zombie (100uL)",C3647 p15+22 iPSCs replicate 3 (17uL),2.13 x 106 cells/mL,100000 cells,0.66,0.58,0.62,MSC-collection-20191017,43755,50000,0.3057,15285,0.9972,15242.202,0.2211,3370.050862,0.0012,4.044061035,0,0,0.0003,1.011015259,0.0018,6.066091552
Sample,iPSC - cocktail,Chimpanzee,Chimpanzee iPSC - cocktail,C2,C2 iPSC - cocktail,C3647,C3647 iPSC - cocktail,iPSC,1,NA,MSC-Z-C3647p15+22-rep1,"MSC Cocktails (positive = 20uL, negative = 20uL) + 1:100 Zombie (100uL)",C3647 p15+22 iPSCs replicate 1 (15uL),7.35 x 105 cells/mL,35000 cells,0.78,0.74,0.76,MSC-collection-20191017,43755,50000,0.3243,16215,0.998,16182.57,0.1963,3176.638491,0.7752,2462.530158,0.0009,2.858974642,0.0003,0.952991547,0.0016,5.082621586
Sample,iPSC - cocktail,Chimpanzee,Chimpanzee iPSC - cocktail,C2,C2 iPSC - cocktail,C3647,C3647 iPSC - cocktail,iPSC,2,NA,MSC-Z-C3647p15+22-rep2,"MSC Cocktails (positive = 20uL, negative = 20uL) + 1:100 Zombie (100uL)",C3647 p15+22 iPSCs replicate 2 (18uL),4.63 x 105 cells/mL,23000 cells,0.58,0.71,0.645,MSC-collection-20191017,43755,50000,0.2969,14845,0.9982,14818.279,0.2203,3264.466864,0.7598,2480.341923,0.0006,1.958680118,0,0,0.0021,6.855380414
Sample,iPSC - cocktail,Chimpanzee,Chimpanzee iPSC - cocktail,C2,C2 iPSC - cocktail,C3647,C3647 iPSC - cocktail,iPSC,3,NA,MSC-Z-C3647p15+22-rep3,"MSC Cocktails (positive = 20uL, negative = 20uL) + 1:100 Zombie (100uL)",C3647 p15+22 iPSCs replicate 3 (17uL),2.13 x 106 cells/mL,100000 cells,0.66,0.58,0.62,MSC-collection-20191017,43755,50000,0.2802,14010,0.997,13967.97,0.2311,3227.997867,0.7072,2282.840092,0.0003,0.96839936,0.0003,0.96839936,0.0031,10.00679339
Sample,MSC - cocktail,Chimpanzee,Chimpanzee MSC - cocktail,C2,C2 MSC - cocktail,C3647,C3647 MSC - cocktail,MSC,1,3B,MSC-Z-C3647p15+22+13-3B-rep1,"MSC Cocktails (positive = 20uL, negative = 20uL)  + 1:100 Zombie (100uL)",C3647 p15+22+13 (3B) MSCs replicate 1 (247uL),4.40 x 105 cells/mL,150000 cells,1,0.98,0.99,MSC-collection-20191017,43755,50000,0.0429,2145,0.9785,2098.8825,0.4876,1023.415107,0.9306,952.3900986,0.0479,49.02158363,0.6647,680.2640216,0.0049,5.014734024
Sample,MSC - cocktail,Chimpanzee,Chimpanzee MSC - cocktail,C2,C2 MSC - cocktail,C3647,C3647 MSC - cocktail,MSC,2,3B,MSC-Z-C3647p15+22+13-3B-rep2,"MSC Cocktails (positive = 20uL, negative = 20uL)  + 1:100 Zombie (100uL)",C3647 p15+22+13 (3B) MSCs replicate 2 (195uL),4.85 x 105 cells/mL,150000 cells,1,0.98,0.99,MSC-collection-20191017,43755,42933,0.0442,1897.6386,0.98,1859.685828,0.4417,821.4232302,0.9319,765.4843082,0.0438,35.97833748,0.6959,571.6284259,0.0049,4.024973828
Sample,MSC - cocktail,Chimpanzee,Chimpanzee MSC - cocktail,C2,C2 MSC - cocktail,C3647,C3647 MSC - cocktail,MSC,3,3B,MSC-Z-C3647p15+22+13-3B-rep3,"MSC Cocktails (positive = 20uL, negative = 20uL)  + 1:100 Zombie (100uL)",C3647 p15+22+13 (3B) MSCs replicate 3 (201uL),6.24 x 105 cells/mL,150000 cells,0.95,0.9,0.925,MSC-collection-20191017,43755,42913,0.0575,2467.4975,0.9802,2418.64105,0.4926,1191.422581,0.9463,1127.443188,0.0503,59.92855582,0.7399,881.5335677,0.0025,2.978556452
Sample,iPSC - control,Chimpanzee,Chimpanzee iPSC - control,C3,C3 iPSC - control,C3649,C3649 iPSC - control,iPSC,1,NA,ISO-Z-C3649p15+18-rep1,"Isotype Controls (positive = 20uL, negative = 20uL) + 1:100 Zombie (100uL)",C3649 p15+18 iPSCs replicate 1 (112uL),1.34 x 106 cells/mL,150000 cells,0.85,0.87,0.86,MSC-collection-20191030,43768,50000,0.3107,15535,0.9996,15528.786,0.3729,5790.684299,0.0007,4.05347901,0.0019,11.00230017,0.0017,9.844163309,0.0095,55.01150084
Sample,iPSC - control,Chimpanzee,Chimpanzee iPSC - control,C3,C3 iPSC - control,C3649,C3649 iPSC - control,iPSC,2,NA,ISO-Z-C3649p15+18-rep2,"Isotype Controls (positive = 20uL, negative = 20uL) + 1:100 Zombie (100uL)",C3649 p15+18 iPSCs replicate 2 (76uL),1.98 x 106 cells/mL,150000 cells,0.94,0.93,0.935,MSC-collection-20191030,43768,50000,0.3267,16335,0.9996,16328.466,0.2765,4514.820849,0.0007,3.160374594,0.0002,0.90296417,0.0004,1.80592834,0.0075,33.86115637
Sample,iPSC - control,Chimpanzee,Chimpanzee iPSC - control,C3,C3 iPSC - control,C3649,C3649 iPSC - control,iPSC,3,NA,ISO-Z-C3649p15+18-rep3,"Isotype Controls (positive = 20uL, negative = 20uL) + 1:100 Zombie (100uL)",C3649 p15+18 iPSCs replicate 3 (74uL),2.04 x 106 cells/mL,150000 cells,0.85,0.86,0.855,MSC-collection-20191030,43768,50000,0.3568,17840,0.9995,17831.08,0.356,6347.86448,0.0008,5.078291584,0.0002,1.269572896,0,0,0.0008,5.078291584
Sample,iPSC - cocktail,Chimpanzee,Chimpanzee iPSC - cocktail,C3,C3 iPSC - cocktail,C3649,C3649 iPSC - cocktail,iPSC,1,NA,MSC-Z-C3649p15+18-rep1,"MSC Cocktails (positive = 20uL, negative = 20uL) + 1:100 Zombie (100uL)",C3649 p15+18 iPSCs replicate 1 (112uL),1.34 x 106 cells/mL,150000 cells,0.85,0.87,0.86,MSC-collection-20191030,43768,50000,0.3237,16185,0.9993,16173.6705,0.3624,5861.338189,0.9447,5537.206187,0.0022,12.89494402,0.0009,5.27520437,0.0048,28.13442331
Sample,iPSC - cocktail,Chimpanzee,Chimpanzee iPSC - cocktail,C3,C3 iPSC - cocktail,C3649,C3649 iPSC - cocktail,iPSC,2,NA,MSC-Z-C3649p15+18-rep2,"MSC Cocktails (positive = 20uL, negative = 20uL) + 1:100 Zombie (100uL)",C3649 p15+18 iPSCs replicate 2 (76uL),1.98 x 106 cells/mL,150000 cells,0.94,0.93,0.935,MSC-collection-20191030,43768,50000,0.3221,16105,0.9993,16093.7265,0.2478,3988.025427,0.9085,3623.1211,0.0008,3.190420341,0.0005,1.994012713,0.0025,9.970063567
Sample,iPSC - cocktail,Chimpanzee,Chimpanzee iPSC - cocktail,C3,C3 iPSC - cocktail,C3649,C3649 iPSC - cocktail,iPSC,3,NA,MSC-Z-C3649p15+18-rep3,"MSC Cocktails (positive = 20uL, negative = 20uL) + 1:100 Zombie (100uL)",C3649 p15+18 iPSCs replicate 3 (74uL),2.04 x 106 cells/mL,150000 cells,0.85,0.86,0.855,MSC-collection-20191030,43768,50000,0.3274,16370,0.9993,16358.541,0.3558,5820.368888,0.9354,5444.373058,0.0002,1.164073778,0.0005,2.910184444,0.0012,6.984442665
Sample,MSC - cocktail,Chimpanzee,Chimpanzee MSC - cocktail,C3,C3 MSC - cocktail,C3649,C3649 MSC - cocktail,MSC,1,3B,MSC-Z-C3649p15+18+18-3B-rep1,"MSC Cocktails (positive = 20uL, negative = 20uL)  + 1:100 Zombie (100uL)",C3649 p15+18+18 (3B) MSCs replicate 1 (198uL),7.57 x 105 cells/mL,150000 cells,0.91,0.87,0.89,MSC-collection-20191030,43768,50000,0.1303,6515,0.9948,6481.122,0.638,4134.955836,0.9318,3852.951848,0.038,157.1283218,0.5279,2182.843186,0.0063,26.05022177
Sample,MSC - cocktail,Chimpanzee,Chimpanzee MSC - cocktail,C3,C3 MSC - cocktail,C3649,C3649 MSC - cocktail,MSC,2,3B,MSC-Z-C3649p15+18+18-3B-rep2,"MSC Cocktails (positive = 20uL, negative = 20uL)  + 1:100 Zombie (100uL)",C3649 p15+18+18 (3B) MSCs replicate 2 (129uL),1.16 x 106 cells/mL,150000 cells,0.99,0.57,0.78,MSC-collection-20191030,43768,50000,0.1716,8580,0.9935,8524.23,0.6613,5637.073299,0.9326,5257.134559,0.0314,177.0041016,0.5279,2975.810995,0.0025,14.09268325
Sample,MSC - cocktail,Chimpanzee,Chimpanzee MSC - cocktail,C3,C3 MSC - cocktail,C3649,C3649 MSC - cocktail,MSC,3,3B,MSC-Z-C3649p15+18+18-3B-rep3,"MSC Cocktails (positive = 20uL, negative = 20uL)  + 1:100 Zombie (100uL)",C3649 p15+18+18 (3B) MSCs replicate 3 (176uL),8.52 x 105 cells/mL,150000 cells,0.94,0.91,0.925,MSC-collection-20191030,43768,50000,0.1609,8045,0.9938,7995.121,0.6706,5361.528143,0.9273,4971.745047,0.0409,219.286501,0.526,2820.163803,0.0026,13.93997317
Sample,iPSC - control,Chimpanzee,Chimpanzee iPSC - control,C4,C4 iPSC - control,C40210,C40210 iPSC - control,iPSC,1,NA,ISO-Z-C40210p15+16-rep1,"Isotype Controls (positive = 20uL, negative = 20uL) + 1:100 Zombie (100uL)",C40210 p16+16 iPSCs replicate 1 (15uL),0.41 x 106 cells/mL,100000 cells,0.85,0.83,0.84,MSC-collection-20191024,43762,50000,0.263,13150,0.9986,13131.59,0.5176,6796.910984,0.0016,10.87505757,0.0022,14.95320416,0.0035,23.78918844,0.0131,89.03953389
Sample,iPSC - control,Chimpanzee,Chimpanzee iPSC - control,C4,C4 iPSC - control,C40210,C40210 iPSC - control,iPSC,2,NA,ISO-Z-C40210p15+16-rep2,"Isotype Controls (positive = 20uL, negative = 20uL) + 1:100 Zombie (100uL)",C40210 p16+16 iPSCs replicate 2 (18uL),0.40 x 106 cells/mL,100000 cells,0.9,0.82,0.86,MSC-collection-20191024,43762,50000,0.2399,11995,0.9992,11985.404,0.4897,5869.252339,0.0009,5.282327105,0.0003,1.760775702,0.0019,11.15157944,0.0112,65.73562619
Sample,iPSC - control,Chimpanzee,Chimpanzee iPSC - control,C4,C4 iPSC - control,C40210,C40210 iPSC - control,iPSC,3,NA,ISO-Z-C40210p15+16-rep3,"Isotype Controls (positive = 20uL, negative = 20uL) + 1:100 Zombie (100uL)",C40210 p16+16 iPSCs replicate 3 (17uL),0.32 x 106 cells/mL,100000 cells,0.97,0.74,0.855,MSC-collection-20191024,43762,50000,0.2787,13935,0.9991,13922.4585,0.5621,7825.813923,0.0014,10.95613949,0.0006,4.695488354,0.0008,6.260651138,0.0055,43.04197658
Sample,iPSC - cocktail,Chimpanzee,Chimpanzee iPSC - cocktail,C4,C4 iPSC - cocktail,C40210,C40210 iPSC - cocktail,iPSC,1,NA,MSC-Z-C40210p15+16-rep1,"MSC Cocktails (positive = 20uL, negative = 20uL) + 1:100 Zombie (100uL)",C40210 p16+16 iPSCs replicate 1 (15uL),0.41 x 106 cells/mL,100000 cells,0.85,0.83,0.84,MSC-collection-20191024,43762,50000,0.2564,12820,0.9986,12802.052,0.5367,6870.861308,0.8872,6095.828153,0.0003,2.061258393,0.0001,0.687086131,0.0051,35.04139267
Sample,iPSC - cocktail,Chimpanzee,Chimpanzee iPSC - cocktail,C4,C4 iPSC - cocktail,C40210,C40210 iPSC - cocktail,iPSC,2,NA,MSC-Z-C40210p15+16-rep2,"MSC Cocktails (positive = 20uL, negative = 20uL) + 1:100 Zombie (100uL)",C40210 p16+16 iPSCs replicate 2 (18uL),0.40 x 106 cells/mL,100000 cells,0.9,0.82,0.86,MSC-collection-20191024,43762,50000,0.2402,12010,0.9988,11995.588,0.5347,6414.040904,0.8659,5553.918018,0.0009,5.772636813,0.0002,1.282808181,0.0036,23.09054725
Sample,iPSC - cocktail,Chimpanzee,Chimpanzee iPSC - cocktail,C4,C4 iPSC - cocktail,C40210,C40210 iPSC - cocktail,iPSC,3,NA,MSC-Z-C40210p15+16-rep3,"MSC Cocktails (positive = 20uL, negative = 20uL) + 1:100 Zombie (100uL)",C40210 p16+16 iPSCs replicate 3 (17uL),0.32 x 106 cells/mL,100000 cells,0.97,0.74,0.855,MSC-collection-20191024,43762,50000,0.2676,13380,0.9984,13358.592,0.5506,7355.240755,0.8744,6431.422516,0.0007,5.148668529,0.0007,5.148668529,0.0088,64.72611865
Sample,MSC - cocktail,Chimpanzee,Chimpanzee MSC - cocktail,C4,C4 MSC - cocktail,C40210,C40210 MSC - cocktail,MSC,1,2B,MSC-Z-C40210p15+16+12-2B-rep1,"MSC Cocktails (positive = 20uL, negative = 20uL)  + 1:100 Zombie (100uL)",C40210 p15+16+12 (2B) MSCs replicate 1 (101uL),1.48 x 106 cells/mL,150000 cells,0.97,0.97,0.97,MSC-collection-20191024,43762,50000,0.0423,2115,0.9792,2071.008,0.5357,1109.438986,0.8936,991.3946775,0.0036,3.993980348,0.3877,430.1294947,0.0018,1.996990174
Sample,MSC - cocktail,Chimpanzee,Chimpanzee MSC - cocktail,C4,C4 MSC - cocktail,C40210,C40210 MSC - cocktail,MSC,2,2B,MSC-Z-C40210p15+16+12-2B-rep2,"MSC Cocktails (positive = 20uL, negative = 20uL)  + 1:100 Zombie (100uL)",C40210 p15+16+12 (2B) MSCs replicate 2 (107uL),1.40 x 106 cells/mL,150000 cells,1,0.99,0.995,MSC-collection-20191024,43762,50000,0.0401,2005,0.9845,1973.9225,0.5304,1046.968494,0.8652,905.837141,0.0115,12.04013768,0.3585,375.3382051,0.0057,5.967720416
Sample,MSC - cocktail,Chimpanzee,Chimpanzee MSC - cocktail,C4,C4 MSC - cocktail,C40210,C40210 MSC - cocktail,MSC,3,2B,MSC-Z-C40210p15+16+12-2B-rep3,"MSC Cocktails (positive = 20uL, negative = 20uL)  + 1:100 Zombie (100uL)",C40210 p15+16+12 (2B) MSCs replicate 3 (82uL),1.82 x 106 cells/mL,150000 cells,1,0.99,0.995,MSC-collection-20191024,43762,50000,0.047,2350,0.9842,2312.87,0.5463,1263.520881,0.8789,1110.508502,0.0166,20.97444662,0.3365,425.1747765,0.0048,6.064900229
Sample,iPSC - control,Chimpanzee,Chimpanzee iPSC - control,C5,C5 iPSC - control,C40280,C40280 iPSC - control,iPSC,1,NA,ISO-Z-C40280p15+23-rep1,"Isotype Controls (positive = 20uL, negative = 20uL) + 1:100 Zombie (100uL)",C40280 p15+23 iPSCs replicate 1 (37uL),5.29 x 106 cells/mL,150000 cells,0.79,0.75,0.77,MSC-collection-20191210,43809,50000,0.3666,18330,0.9997,18324.501,0.7487,13719.5539,0.0008,10.97564312,0.0077,105.640565,0.0095,130.335762,0.0069,94.6649219
Sample,iPSC - control,Chimpanzee,Chimpanzee iPSC - control,C5,C5 iPSC - control,C40280,C40280 iPSC - control,iPSC,2,NA,ISO-Z-C40280p15+23-rep2,"Isotype Controls (positive = 20uL, negative = 20uL) + 1:100 Zombie (100uL)",C40280 p15+23 iPSCs replicate 2 (44uL),4.76 x 106 cells/mL,150000 cells,0.78,0.64,0.71,MSC-collection-20191210,43809,50000,0.3609,18045,0.9997,18039.5865,0.704,12699.8689,0.0006,7.619921338,0.0169,214.6277843,0.0223,283.2070764,0.005,63.49934448
Sample,iPSC - control,Chimpanzee,Chimpanzee iPSC - control,C5,C5 iPSC - control,C40280,C40280 iPSC - control,iPSC,3,NA,ISO-Z-C40280p15+23-rep3,"Isotype Controls (positive = 20uL, negative = 20uL) + 1:100 Zombie (100uL)",C40280 p15+23 iPSCs replicate 3 (36uL),5.09 x 106 cells/mL,150000 cells,0.77,0.86,0.815,MSC-collection-20191210,43809,50000,0.3462,17310,0.9997,17304.807,0.7194,12449.07816,0.0004,4.979631262,0.0207,257.6959178,0.03,373.4723447,0.0061,75.93937675
Sample,iPSC - cocktail,Chimpanzee,Chimpanzee iPSC - cocktail,C5,C5 iPSC - cocktail,C40280,C40280 iPSC - cocktail,iPSC,1,NA,MSC-Z-C40280p15+23-rep1,"MSC Cocktails (positive = 20uL, negative = 20uL) + 1:100 Zombie (100uL)",C40280 p15+23 iPSCs replicate 1 (37uL),5.29 x 106 cells/mL,150000 cells,0.79,0.75,0.77,MSC-collection-20191210,43809,50000,0.3557,17785,0.9997,17779.6645,0.7254,12897.36863,0.9663,12462.72731,0.0175,225.703951,0.0045,58.03815883,0.0021,27.08447412
Sample,iPSC - cocktail,Chimpanzee,Chimpanzee iPSC - cocktail,C5,C5 iPSC - cocktail,C40280,C40280 iPSC - cocktail,iPSC,2,NA,MSC-Z-C40280p15+23-rep2,"MSC Cocktails (positive = 20uL, negative = 20uL) + 1:100 Zombie (100uL)",C40280 p15+23 iPSCs replicate 2 (44uL),4.76 x 106 cells/mL,150000 cells,0.78,0.64,0.71,MSC-collection-20191210,43809,50000,0.3619,18095,0.9996,18087.762,0.7194,13012.33598,0.9742,12676.61771,0.0247,321.4046988,0.0085,110.6048559,0.0031,40.33824155
Sample,iPSC - cocktail,Chimpanzee,Chimpanzee iPSC - cocktail,C5,C5 iPSC - cocktail,C40280,C40280 iPSC - cocktail,iPSC,3,NA,MSC-Z-C40280p15+23-rep3,"MSC Cocktails (positive = 20uL, negative = 20uL) + 1:100 Zombie (100uL)",C40280 p15+23 iPSCs replicate 3 (36uL),5.09 x 106 cells/mL,150000 cells,0.77,0.86,0.815,MSC-collection-20191210,43809,50000,0.3614,18070,0.9993,18057.351,0.7185,12974.20669,0.9696,12579.79081,0.0349,452.7998136,0.0135,175.1517904,0.0038,49.30198544
Sample,MSC - cocktail,Chimpanzee,Chimpanzee MSC - cocktail,C5,C5 MSC - cocktail,C40280,C40280 MSC - cocktail,MSC,1,2B,MSC-Z-C40280p15+23+11-2B-rep1,"MSC Cocktails (positive = 20uL, negative = 20uL)  + 1:100 Zombie (100uL)",C40210 C40280 p15+23+11 (2B) MSCs replicate 1 (149uL),1.01 x 106 cells/mL,150000 cells,0.78,0.48,0.63,MSC-collection-20191210,43809,50000,0.0983,4915,0.9813,4823.0895,0.3777,1821.680904,0.8793,1601.804019,0.0724,131.8896975,0.4352,792.7955295,0.0055,10.01924497
Sample,MSC - cocktail,Chimpanzee,Chimpanzee MSC - cocktail,C5,C5 MSC - cocktail,C40280,C40280 MSC - cocktail,MSC,2,2B,MSC-Z-C40280p15+23+11-2B-rep2,"MSC Cocktails (positive = 20uL, negative = 20uL)  + 1:100 Zombie (100uL)",C40210 C40280 p15+23+11 (2B) MSCs replicate 2 (224 uL),0.67 x 106 cells/mL,150000 cells,0.72,0.93,0.825,MSC-collection-20191210,43809,50000,0.0773,3865,0.9886,3820.939,0.4655,1778.647105,0.8988,1598.648018,0.0568,101.0271555,0.4064,722.8421833,0.0079,14.05131213
Sample,MSC - cocktail,Chimpanzee,Chimpanzee MSC - cocktail,C5,C5 MSC - cocktail,C40280,C40280 MSC - cocktail,MSC,3,2B,MSC-Z-C40280p15+23+11-2B-rep3,"MSC Cocktails (positive = 20uL, negative = 20uL)  + 1:100 Zombie (100uL)",C40210 C40280 p15+23+11 (2B) MSCs replicate 3 (176uL),0.85 x 106 cells/mL,150000 cells,0.95,0.49,0.72,MSC-collection-20191210,43809,50000,0.0876,4380,0.987,4323.06,0.4612,1993.795272,0.8705,1735.598784,0.0763,152.1265793,0.4009,799.3125245,0.008,15.95036218
Sample,iPSC - control,Chimpanzee,Chimpanzee iPSC - control,C6,C6 iPSC - control,C3624,C3624 iPSC - control,iPSC,1,NA,ISO-Z-C3624p18+31-rep1,"Isotype Controls (positive = 20uL, negative = 20uL) + 1:100 Zombie (100uL)",C3624 p18+31 iPSCs replicate 1 (52uL),3.56 x 106 cells/mL,150000 cells,0.81,0.82,0.815,MSC-collection-20191210,43809,50000,0.3983,19915,0.9999,19913.0085,0.7752,15436.56419,0.0006,9.261938514,0.0103,158.9966111,0.0134,206.8499601,0.003,46.30969257
Sample,iPSC - control,Chimpanzee,Chimpanzee iPSC - control,C6,C6 iPSC - control,C3624,C3624 iPSC - control,iPSC,2,NA,ISO-Z-C3624p18+31-rep2,"Isotype Controls (positive = 20uL, negative = 20uL) + 1:100 Zombie (100uL)",C3624 p18+31 iPSCs replicate 2 (50uL),3.89 x 106 cells/mL,150000 cells,0.75,0.79,0.77,MSC-collection-20191210,43809,50000,0.3707,18535,0.9998,18531.293,0.7365,13648.29729,0.0002,2.729659459,0.0177,241.5748621,0.0276,376.6930053,0.0076,103.7270594
Sample,iPSC - control,Chimpanzee,Chimpanzee iPSC - control,C6,C6 iPSC - control,C3624,C3624 iPSC - control,iPSC,3,NA,ISO-Z-C3624p18+31-rep3,"Isotype Controls (positive = 20uL, negative = 20uL) + 1:100 Zombie (100uL)",C3624 p18+31 iPSCs replicate 3 (53uL),3.76 x 106 cells/mL,150000 cells,0.72,0.78,0.75,MSC-collection-20191210,43809,50000,0.3951,19755,0.9997,19749.0735,0.7427,14667.63689,0.0007,10.26734582,0.02,293.3527378,0.0292,428.2949971,0.0056,82.13876658
Sample,iPSC - cocktail,Chimpanzee,Chimpanzee iPSC - cocktail,C6,C6 iPSC - cocktail,C3624,C3624 iPSC - cocktail,iPSC,1,NA,MSC-Z-C3624p18+31-rep1,"MSC Cocktails (positive = 20uL, negative = 20uL) + 1:100 Zombie (100uL)",C3624 p18+31 iPSCs replicate 1 (52uL),3.56 x 106 cells/mL,150000 cells,0.81,0.82,0.815,MSC-collection-20191210,43809,50000,0.3904,19520,0.9997,19514.144,0.7443,14524.37738,0.9786,14213.5557,0.0206,299.202174,0.0072,104.5755171,0.0116,168.4827776
Sample,iPSC - cocktail,Chimpanzee,Chimpanzee iPSC - cocktail,C6,C6 iPSC - cocktail,C3624,C3624 iPSC - cocktail,iPSC,2,NA,MSC-Z-C3624p18+31-rep2,"MSC Cocktails (positive = 20uL, negative = 20uL) + 1:100 Zombie (100uL)",C3624 p18+31 iPSCs replicate 2 (50uL),3.89 x 106 cells/mL,150000 cells,0.75,0.79,0.77,MSC-collection-20191210,43809,50000,0.3828,19140,0.9997,19134.258,0.7521,14390.87544,0.9765,14052.68987,0.0252,362.6500611,0.0075,107.9315658,0.0044,63.31985194
Sample,iPSC - cocktail,Chimpanzee,Chimpanzee iPSC - cocktail,C6,C6 iPSC - cocktail,C3624,C3624 iPSC - cocktail,iPSC,3,NA,MSC-Z-C3624p18+31-rep3,"MSC Cocktails (positive = 20uL, negative = 20uL) + 1:100 Zombie (100uL)",C3624 p18+31 iPSCs replicate 3 (53uL),3.76 x 106 cells/mL,150000 cells,0.72,0.78,0.75,MSC-collection-20191210,43809,50000,0.3789,18945,0.9996,18937.422,0.738,13975.81744,0.9771,13655.77122,0.0086,120.1920299,0.0016,22.3613079,0.0036,50.31294277
Sample,MSC - cocktail,Chimpanzee,Chimpanzee MSC - cocktail,C6,C6 MSC - cocktail,C3624,C3624 MSC - cocktail,MSC,1,2B,MSC-Z-C3624p18+31+10-2B-rep1a,"MSC Cocktails (positive = 20uL, negative = 20uL)  + 1:100 Zombie (100uL)",C3624 p18+31+10 (2B) MSCs replicate 1a (167uL),0.72 x 106 cells/mL,120000 cells,0.97,0.95,0.96,MSC-collection-20191210,43809,50000,0.1362,6810,0.0918,625.158,0.6016,376.0950528,0.9313,350.2573227,0.0778,29.26019511,0.7875,296.1748541,0.0059,2.218960812
Sample,MSC - cocktail,Chimpanzee,Chimpanzee MSC - cocktail,C6,C6 MSC - cocktail,C3624,C3624 MSC - cocktail,MSC,2,2B,MSC-Z-C3624p18+31+10-2B-rep1b,"MSC Cocktails (positive = 20uL, negative = 20uL)  + 1:100 Zombie (100uL)",C3624 p18+31+10 (2B) MSCs replicate 1b (167uL),0.72 x 106 cells/mL,120000 cells,0.97,0.95,0.96,MSC-collection-20191210,43809,50000,0.138,6900,0.992,6844.8,0.6036,4131.52128,0.9368,3870.409135,0.0888,366.8790897,0.7847,3242.004748,0.006,24.78912768
Sample,MSC - cocktail,Chimpanzee,Chimpanzee MSC - cocktail,C6,C6 MSC - cocktail,C3624,C3624 MSC - cocktail,MSC,3,2B,MSC-Z-C3624p18+31+10-2B-rep1c,"MSC Cocktails (positive = 20uL, negative = 20uL)  + 1:100 Zombie (100uL)",C3624 p18+31+10 (2B) MSCs replicate 1c (167uL),0.72 x 106 cells/mL,120000 cells,0.97,0.95,0.96,MSC-collection-20191210,43809,50000,0.1424,7120,0.9919,7062.328,0.6125,4325.6759,0.939,4061.80967,0.089,384.9851551,0.7924,3427.665583,0.0104,44.98702936
Sample,iPSC - control,Chimpanzee,Chimpanzee iPSC - control,C1-r2,C1-r2 iPSC - control,C8861,C8861 iPSC - control - rep2,iPSC,1,NA,ISO-Z-C8861p15+20-rep1,"Isotype Controls (positive = 20uL, negative = 20uL) + 1:100 Zombie (100uL)",C8861 p15+20 iPSCs replicate 1 (42uL),6.45 x 106 cells/mL,150000 cells,0.56,0.54,0.55,MSC-collection-20191028,43766,50000,0.4995,24975,0.9854,24610.365,0.5676,13968.84317,0.0164,229.0890281,0.028,391.1276089,0.0053,74.03486882,0.0089,124.3227042
Sample,iPSC - control,Chimpanzee,Chimpanzee iPSC - control,C1-r2,C1-r2 iPSC - control,C8861,C8861 iPSC - control - rep2,iPSC,2,NA,ISO-Z-C8861p15+20-rep2,"Isotype Controls (positive = 20uL, negative = 20uL) + 1:100 Zombie (100uL)",C8861 p15+20 iPSCs replicate 2 (35uL),6.68 x 106 cells/mL,150000 cells,0.7,0.59,0.645,MSC-collection-20191028,43766,50000,0.4799,23995,0.9893,23738.2535,0.6785,16106.405,0.0137,220.6577485,0.0133,214.2151865,0.0012,19.327686,0.0035,56.3724175
Sample,iPSC - control,Chimpanzee,Chimpanzee iPSC - control,C1-r2,C1-r2 iPSC - control,C8861,C8861 iPSC - control - rep2,iPSC,3,NA,ISO-Z-C8861p15+20-rep3,"Isotype Controls (positive = 20uL, negative = 20uL) + 1:100 Zombie (100uL)",C8861 p15+20 iPSCs replicate 3 (30uL),8.95 x 106 cells/mL,150000 cells,0.64,0.48,0.56,MSC-collection-20191028,43766,50000,0.4714,23570,0.9866,23254.162,0.6458,15017.53782,0.0126,189.2209765,0.0111,166.6946698,0.0007,10.51227647,0.0035,52.56138237
Sample,iPSC - cocktail,Chimpanzee,Chimpanzee iPSC - cocktail,C1-r2,C1-r2 iPSC - cocktail,C8861,C8861 iPSC - cocktail - rep2,iPSC,1,NA,MSC-Z-C8861p15+20-rep1,"MSC Cocktails (positive = 20uL, negative = 20uL) + 1:100 Zombie (100uL)",C8861 p15+20 iPSCs replicate 1 (42uL),6.45 x 106 cells/mL,150000 cells,0.56,0.54,0.55,MSC-collection-20191028,43766,50000,0.4984,24920,0.9876,24610.992,0.6683,16447.52595,0.9736,16013.31127,0.0174,286.1869516,0.001,16.44752595,0.0027,44.40832007
Sample,iPSC - cocktail,Chimpanzee,Chimpanzee iPSC - cocktail,C1-r2,C1-r2 iPSC - cocktail,C8861,C8861 iPSC - cocktail - rep2,iPSC,2,NA,MSC-Z-C8861p15+20-rep2,"MSC Cocktails (positive = 20uL, negative = 20uL) + 1:100 Zombie (100uL)",C8861 p15+20 iPSCs replicate 2 (35uL),6.68 x 106 cells/mL,150000 cells,0.7,0.59,0.645,MSC-collection-20191028,43766,50000,0.4735,23675,0.988,23390.9,0.6693,15655.52937,0.9709,15199.95347,0.0144,225.4396229,0.0015,23.48329406,0.0031,48.53214105
Sample,iPSC - cocktail,Chimpanzee,Chimpanzee iPSC - cocktail,C1-r2,C1-r2 iPSC - cocktail,C8861,C8861 iPSC - cocktail - rep2,iPSC,3,NA,MSC-Z-C8861p15+20-rep3,"MSC Cocktails (positive = 20uL, negative = 20uL) + 1:100 Zombie (100uL)",C8861 p15+20 iPSCs replicate 3 (30uL),8.95 x 106 cells/mL,150000 cells,0.64,0.48,0.56,MSC-collection-20191028,43766,50000,0.4628,23140,0.989,22885.46,0.622,14234.75612,0.9587,13646.86069,0.0096,136.6536588,0.0006,8.540853672,0.0025,35.5868903
Sample,MSC - cocktail,Chimpanzee,Chimpanzee MSC - cocktail,C1-r2,C1-r2 MSC - cocktail,C8861,C8861 MSC - cocktail - rep2,MSC,1,2B,MSC-Z-C8861p15+20+11-2B-rep1,"MSC Cocktails (positive = 20uL, negative = 20uL)  + 1:100 Zombie (100uL)",C8861 p15+20+11 (2B) MSCs replicate 1 (223uL),6.74 x 105 cells/mL,150000 cells,0.96,0.97,0.965,MSC-collection-20191028,43766,50000,0.0877,4385,0.6322,2772.197,0.5556,1540.232653,0.9013,1388.21169,0.1117,172.0439874,0.0071,10.93565184,0.0045,6.931046939
Sample,MSC - cocktail,Chimpanzee,Chimpanzee MSC - cocktail,C1-r2,C1-r2 MSC - cocktail,C8861,C8861 MSC - cocktail - rep2,MSC,2,2B,MSC-Z-C8861p15+20+11-2B-rep2,"MSC Cocktails (positive = 20uL, negative = 20uL)  + 1:100 Zombie (100uL)",C8861 p15+20+11 (2B) MSCs replicate 2 (261uL),5.74 x 105 cells/mL,150000 cells,1,1,1,MSC-collection-20191028,43766,50000,0.0933,4665,0.6773,3159.6045,0.5384,1701.131063,0.879,1495.294204,0.0729,124.0124545,0.0082,13.94927471,0.0082,13.94927471
Sample,MSC - cocktail,Chimpanzee,Chimpanzee MSC - cocktail,C1-r2,C1-r2 MSC - cocktail,C8861,C8861 MSC - cocktail - rep2,MSC,3,2B,MSC-Z-C8861p15+20+11-2B-rep3,"MSC Cocktails (positive = 20uL, negative = 20uL)  + 1:100 Zombie (100uL)",C8861 p15+20+11 (2B) MSCs replicate 3 (157uL),9.53 x 105 cells/mL,150000 cells,0.99,0.98,0.985,MSC-collection-20191028,43766,50000,0.0929,4645,0.6532,3034.114,0.5379,1632.049921,0.8811,1437.999185,0.098,159.9408922,0.0074,12.07716941,0.0037,6.038584706
