"","ONTOLOGY","ID","Description","GeneRatio","BgRatio","pvalue","p.adjust","qvalue","geneID","Count","Resolution","Topic"
"GO:0035019","BP","GO:0035019","somatic stem cell population maintenance","17/101","81/17073",3.06979303400198e-22,6.69521860715832e-19,5.61933693276784e-19,"POU5F1/POU5F1/POU5F1/POU5F1/POU5F1/POU5F1/POU5F1/LIN28A/SOX2/TDGF1/ZSCAN10/EPHA1/EPHA1/DPPA4/SFRP1/ZIC3/FOXD3",17,"4-Topic Analysis","Topic k4"
"GO:0019827","BP","GO:0019827","stem cell population maintenance","18/101","174/17073",1.03418073884049e-17,9.24877429404785e-15,7.76255145990454e-15,"POU5F1/POU5F1/POU5F1/POU5F1/POU5F1/POU5F1/POU5F1/LIN28A/SOX2/TDGF1/ZSCAN10/EPHA1/EPHA1/NODAL/DPPA4/SFRP1/ZIC3/FOXD3",18,"4-Topic Analysis","Topic k4"
"GO:0098727","BP","GO:0098727","maintenance of cell number","18/101","176/17073",1.27218353425693e-17,9.24877429404785e-15,7.76255145990454e-15,"POU5F1/POU5F1/POU5F1/POU5F1/POU5F1/POU5F1/POU5F1/LIN28A/SOX2/TDGF1/ZSCAN10/EPHA1/EPHA1/NODAL/DPPA4/SFRP1/ZIC3/FOXD3",18,"4-Topic Analysis","Topic k4"
"GO:0001714","BP","GO:0001714","endodermal cell fate specification","8/101","15/17073",7.03229527916339e-15,3.83435900096384e-12,3.21820039222767e-12,"POU5F1/POU5F1/POU5F1/POU5F1/POU5F1/POU5F1/POU5F1/SOX2",8,"4-Topic Analysis","Topic k4"
"GO:0009786","BP","GO:0009786","regulation of asymmetric cell division","7/101","11/17073",6.6441010947572e-14,2.89815689753309e-11,2.43244037974374e-11,"POU5F1/POU5F1/POU5F1/POU5F1/POU5F1/POU5F1/POU5F1",7,"4-Topic Analysis","Topic k4"
"GO:0060795","BP","GO:0060795","cell fate commitment involved in formation of primary germ layer","10/101","48/17073",1.80631310298547e-13,6.56594812935218e-11,5.51083944928373e-11,"POU5F1/POU5F1/POU5F1/POU5F1/POU5F1/POU5F1/POU5F1/SOX2/NODAL/SFRP2",10,"4-Topic Analysis","Topic k4"
"GO:0001711","BP","GO:0001711","endodermal cell fate commitment","8/101","22/17073",3.37773044407521e-13,1.05240429978972e-10,8.83289209360418e-11,"POU5F1/POU5F1/POU5F1/POU5F1/POU5F1/POU5F1/POU5F1/SOX2",8,"4-Topic Analysis","Topic k4"
"GO:0001708","BP","GO:0001708","cell fate specification","11/101","85/17073",2.63993425287547e-12,7.19712075690174e-10,6.0405864023032e-10,"POU5F1/POU5F1/POU5F1/POU5F1/POU5F1/POU5F1/POU5F1/SOX2/ESRP1/NODAL/SFRP2",11,"4-Topic Analysis","Topic k4"
"GO:0060969","BP","GO:0060969","negative regulation of gene silencing","8/101","29/17073",4.38229191891378e-12,1.06197540835011e-09,8.91322297893692e-10,"POU5F1/POU5F1/POU5F1/POU5F1/POU5F1/POU5F1/POU5F1/HMGA1",8,"4-Topic Analysis","Topic k4"
"GO:0060965","BP","GO:0060965","negative regulation of gene silencing by miRNA","7/101","20/17073",1.49436430754738e-11,3.25920855476084e-09,2.735473190342e-09,"POU5F1/POU5F1/POU5F1/POU5F1/POU5F1/POU5F1/POU5F1",7,"4-Topic Analysis","Topic k4"
"GO:0035987","BP","GO:0035987","endodermal cell differentiation","9/101","52/17073",1.83900775789046e-11,3.64625083632644e-09,3.06032008705407e-09,"POU5F1/POU5F1/POU5F1/POU5F1/POU5F1/POU5F1/POU5F1/SOX2/NODAL",9,"4-Topic Analysis","Topic k4"
"GO:0060149","BP","GO:0060149","negative regulation of posttranscriptional gene silencing","7/101","22/17073",3.25599927103651e-11,5.46256493086972e-09,4.58476334601822e-09,"POU5F1/POU5F1/POU5F1/POU5F1/POU5F1/POU5F1/POU5F1",7,"4-Topic Analysis","Topic k4"
"GO:0060967","BP","GO:0060967","negative regulation of gene silencing by RNA","7/101","22/17073",3.25599927103651e-11,5.46256493086972e-09,4.58476334601822e-09,"POU5F1/POU5F1/POU5F1/POU5F1/POU5F1/POU5F1/POU5F1",7,"4-Topic Analysis","Topic k4"
"GO:0016458","BP","GO:0016458","gene silencing","14/101","218/17073",3.88316676290232e-11,6.04941907849283e-09,5.07731353435123e-09,"POU5F1/POU5F1/POU5F1/POU5F1/POU5F1/POU5F1/POU5F1/LIN28A/HMGA1/TRIM71/MYCN/HMGB1/HELLS/HNRNPA2B1",14,"4-Topic Analysis","Topic k4"
"GO:0001706","BP","GO:0001706","endoderm formation","9/101","59/17073",6.07073500898234e-11,8.82684870306032e-09,7.40842679341775e-09,"POU5F1/POU5F1/POU5F1/POU5F1/POU5F1/POU5F1/POU5F1/SOX2/NODAL",9,"4-Topic Analysis","Topic k4"
"GO:0042789","BP","GO:0042789","mRNA transcription by RNA polymerase II","7/101","24/17073",6.54424911768376e-11,8.92062957854268e-09,7.48713764187635e-09,"POU5F1/POU5F1/POU5F1/POU5F1/POU5F1/POU5F1/POU5F1",7,"4-Topic Analysis","Topic k4"
"GO:0060968","BP","GO:0060968","regulation of gene silencing","11/101","115/17073",7.6107503291222e-11,9.76414498106795e-09,8.19510515315388e-09,"POU5F1/POU5F1/POU5F1/POU5F1/POU5F1/POU5F1/POU5F1/LIN28A/HMGA1/TRIM71/MYCN",11,"4-Topic Analysis","Topic k4"
"GO:0060964","BP","GO:0060964","regulation of gene silencing by miRNA","10/101","90/17073",1.28795125937567e-10,1.56056760927685e-08,1.30979370763408e-08,"POU5F1/POU5F1/POU5F1/POU5F1/POU5F1/POU5F1/POU5F1/LIN28A/TRIM71/MYCN",10,"4-Topic Analysis","Topic k4"
"GO:0008356","BP","GO:0008356","asymmetric cell division","7/101","27/17073",1.65496677804813e-10,1.777171781596e-08,1.49159088211368e-08,"POU5F1/POU5F1/POU5F1/POU5F1/POU5F1/POU5F1/POU5F1",7,"4-Topic Analysis","Topic k4"
"GO:0040029","BP","GO:0040029","regulation of gene expression, epigenetic","15/101","292/17073",1.74066809402214e-10,1.777171781596e-08,1.49159088211368e-08,"POU5F1/POU5F1/POU5F1/POU5F1/POU5F1/POU5F1/POU5F1/LIN28A/HMGA1/TRIM71/DNMT3B/MYCN/HMGB1/HELLS/HNRNPA2B1",15,"4-Topic Analysis","Topic k4"
"GO:0060147","BP","GO:0060147","regulation of posttranscriptional gene silencing","10/101","93/17073",1.79265379161449e-10,1.777171781596e-08,1.49159088211368e-08,"POU5F1/POU5F1/POU5F1/POU5F1/POU5F1/POU5F1/POU5F1/LIN28A/TRIM71/MYCN",10,"4-Topic Analysis","Topic k4"
"GO:0060966","BP","GO:0060966","regulation of gene silencing by RNA","10/101","93/17073",1.79265379161449e-10,1.777171781596e-08,1.49159088211368e-08,"POU5F1/POU5F1/POU5F1/POU5F1/POU5F1/POU5F1/POU5F1/LIN28A/TRIM71/MYCN",10,"4-Topic Analysis","Topic k4"
"GO:0035195","BP","GO:0035195","gene silencing by miRNA","11/101","128/17073",2.44364533455137e-10,2.31721324985067e-08,1.94485090928367e-08,"POU5F1/POU5F1/POU5F1/POU5F1/POU5F1/POU5F1/POU5F1/LIN28A/TRIM71/MYCN/HNRNPA2B1",11,"4-Topic Analysis","Topic k4"
"GO:0035194","BP","GO:0035194","posttranscriptional gene silencing by RNA","11/101","133/17073",3.69797739015386e-10,3.36053695330232e-08,2.8205187199463e-08,"POU5F1/POU5F1/POU5F1/POU5F1/POU5F1/POU5F1/POU5F1/LIN28A/TRIM71/MYCN/HNRNPA2B1",11,"4-Topic Analysis","Topic k4"
"GO:0016441","BP","GO:0016441","posttranscriptional gene silencing","11/101","134/17073",4.00916698025498e-10,3.49759727357444e-08,2.93555426470038e-08,"POU5F1/POU5F1/POU5F1/POU5F1/POU5F1/POU5F1/POU5F1/LIN28A/TRIM71/MYCN/HNRNPA2B1",11,"4-Topic Analysis","Topic k4"
"GO:0009299","BP","GO:0009299","mRNA transcription","7/101","31/17073",4.80683519127366e-10,4.03219521237225e-08,3.38424550511129e-08,"POU5F1/POU5F1/POU5F1/POU5F1/POU5F1/POU5F1/POU5F1",7,"4-Topic Analysis","Topic k4"
"GO:0007369","BP","GO:0007369","gastrulation","12/101","186/17073",1.0034580486568e-09,8.10571112637218e-08,6.80317172169271e-08,"POU5F1/POU5F1/POU5F1/POU5F1/POU5F1/POU5F1/POU5F1/SOX2/OTX2/NODAL/SFRP1/SFRP2",12,"4-Topic Analysis","Topic k4"
"GO:0007492","BP","GO:0007492","endoderm development","9/101","83/17073",1.41299120522226e-09,1.10061922092491e-07,9.23756280406585e-08,"POU5F1/POU5F1/POU5F1/POU5F1/POU5F1/POU5F1/POU5F1/SOX2/NODAL",9,"4-Topic Analysis","Topic k4"
"GO:0031047","BP","GO:0031047","gene silencing by RNA","11/101","160/17073",2.66557399198766e-09,2.00469547466382e-07,1.68255287552324e-07,"POU5F1/POU5F1/POU5F1/POU5F1/POU5F1/POU5F1/POU5F1/LIN28A/TRIM71/MYCN/HNRNPA2B1",11,"4-Topic Analysis","Topic k4"
"GO:0001704","BP","GO:0001704","formation of primary germ layer","10/101","129/17073",4.57949206961992e-09,3.32929073461368e-07,2.79429358212949e-07,"POU5F1/POU5F1/POU5F1/POU5F1/POU5F1/POU5F1/POU5F1/SOX2/NODAL/SFRP2",10,"4-Topic Analysis","Topic k4"
"GO:0001824","BP","GO:0001824","blastocyst development","9/101","112/17073",2.05120582096019e-08,1.44312254694006e-06,1.21122136592522e-06,"POU5F1/POU5F1/POU5F1/POU5F1/POU5F1/POU5F1/POU5F1/NASP/NODAL",9,"4-Topic Analysis","Topic k4"
"GO:0071824","BP","GO:0071824","protein-DNA complex subunit organization","11/101","199/17073",2.60602388254558e-08,1.77616815244747e-06,1.49074853017985e-06,"HMGA1/SET/NASP/HMGB1/PTMA/NPM1/CENPF/TERF1/CENPV/HMGB2/HELLS",11,"4-Topic Analysis","Topic k4"
"GO:0045165","BP","GO:0045165","cell fate commitment","12/101","250/17073",2.81023796705095e-08,1.85731182004186e-06,1.55885289464166e-06,"POU5F1/POU5F1/POU5F1/POU5F1/POU5F1/POU5F1/POU5F1/SOX2/ESRP1/NODAL/SFRP1/SFRP2",12,"4-Topic Analysis","Topic k4"
"GO:0051302","BP","GO:0051302","regulation of cell division","9/101","169/17073",7.059353133349e-07,4.39898548109547e-05,3.69209476658463e-05,"POU5F1/POU5F1/POU5F1/POU5F1/POU5F1/POU5F1/POU5F1/SFRP2/CENPV",9,"4-Topic Analysis","Topic k4"
"GO:0065004","BP","GO:0065004","protein-DNA complex assembly","9/101","169/17073",7.059353133349e-07,4.39898548109547e-05,3.69209476658463e-05,"SET/NASP/HMGB1/NPM1/CENPF/TERF1/CENPV/HMGB2/HELLS",9,"4-Topic Analysis","Topic k4"
"GO:0071103","BP","GO:0071103","DNA conformation change","10/101","235/17073",1.29578668799981e-06,7.85030768479888e-05,6.58881008898151e-05,"HMGA1/SET/NASP/HMGB1/NPM1/HMGB3/CENPV/HMGB2/HELLS/HNRNPA2B1",10,"4-Topic Analysis","Topic k4"
"GO:0031497","BP","GO:0031497","chromatin assembly","7/101","101/17073",2.2431494772609e-06,0.000132224567835298,0.000110976868875013,"HMGA1/SET/NASP/NPM1/CENPV/HMGB2/HELLS",7,"4-Topic Analysis","Topic k4"
"GO:0032069","BP","GO:0032069","regulation of nuclease activity","4/101","23/17073",9.36986965088115e-06,0.000537781202857152,0.000451362972933028,"HMGB1/NPM1/TERF1/HMGB2",4,"4-Topic Analysis","Topic k4"
"GO:0006333","BP","GO:0006333","chromatin assembly or disassembly","7/101","126/17073",9.76229213144744e-06,0.000545937413812484,0.00045820852946254,"HMGA1/SET/NASP/NPM1/CENPV/HMGB2/HELLS",7,"4-Topic Analysis","Topic k4"
"GO:0006323","BP","GO:0006323","DNA packaging","7/101","143/17073",2.22675350301529e-05,0.00121413734751909,0.00101903272151147,"HMGA1/SET/NASP/NPM1/CENPV/HMGB2/HELLS",7,"4-Topic Analysis","Topic k4"
"GO:0001701","BP","GO:0001701","in utero embryonic development","10/101","363/17073",5.7563894072407e-05,0.00305126760312363,0.00256094710868119,"POU5F1/POU5F1/POU5F1/POU5F1/POU5F1/POU5F1/POU5F1/NASP/NODAL/FOXD3",10,"4-Topic Analysis","Topic k4"
"GO:0034728","BP","GO:0034728","nucleosome organization","6/101","114/17073",5.87589359611153e-05,0.00305126760312363,0.00256094710868119,"HMGA1/SET/NASP/PTMA/NPM1/HMGB2",6,"4-Topic Analysis","Topic k4"
"GO:0060766","BP","GO:0060766","negative regulation of androgen receptor signaling pathway","3/101","15/17073",8.68273535584495e-05,0.00440396414211578,0.00369627338649067,"NODAL/SFRP1/FOXH1",3,"4-Topic Analysis","Topic k4"
"GO:0034508","BP","GO:0034508","centromere complex assembly","4/101","40/17073",8.95228251470568e-05,0.00443748367376661,0.00372440652944334,"NPM1/CENPF/CENPV/HELLS",4,"4-Topic Analysis","Topic k4"
"GO:0070828","BP","GO:0070828","heterochromatin organization","3/101","16/17073",0.000106405642066811,0.00507654310798966,0.00426077292637082,"HMGA1/CENPV/HELLS",3,"4-Topic Analysis","Topic k4"
"GO:2001251","BP","GO:2001251","negative regulation of chromosome organization","6/101","127/17073",0.000107070602002533,0.00507654310798966,0.00426077292637082,"HMGA1/DNMT3B/SET/USP44/CENPF/TERF1",6,"4-Topic Analysis","Topic k4"
"GO:0055119","BP","GO:0055119","relaxation of cardiac muscle","3/101","17/17073",0.000128652273600629,0.00593362739617532,0.0049801288843596,"ATP1A2/CHGA/CHGA",3,"4-Topic Analysis","Topic k4"
"GO:0035196","BP","GO:0035196","production of miRNAs involved in gene silencing by miRNA","4/101","44/17073",0.000130588773505922,0.00593362739617532,0.0049801288843596,"LIN28A/TRIM71/MYCN/HNRNPA2B1",4,"4-Topic Analysis","Topic k4"
"GO:0009952","BP","GO:0009952","anterior/posterior pattern specification","7/101","191/17073",0.000139256934657288,0.00619835458137845,0.00520231599074163,"TDGF1/OTX2/NODAL/SFRP1/ZIC3/SFRP2/FOXH1",7,"4-Topic Analysis","Topic k4"
"GO:0008584","BP","GO:0008584","male gonad development","6/101","136/17073",0.000155959279316921,0.00680294376380409,0.00570975129962369,"UTF1/NASP/SFRP1/SFRP2/HMGB2/MGST1",6,"4-Topic Analysis","Topic k4"
"GO:0046546","BP","GO:0046546","development of primary male sexual characteristics","6/101","137/17073",0.000162329951166753,0.00694199261754292,0.00582645583238357,"UTF1/NASP/SFRP1/SFRP2/HMGB2/MGST1",6,"4-Topic Analysis","Topic k4"
"GO:0031050","BP","GO:0031050","dsRNA processing","4/101","47/17073",0.000169266633270772,0.00696548164459537,0.0058461703129667,"LIN28A/TRIM71/MYCN/HNRNPA2B1",4,"4-Topic Analysis","Topic k4"
"GO:0070918","BP","GO:0070918","production of small RNA involved in gene silencing by RNA","4/101","47/17073",0.000169266633270772,0.00696548164459537,0.0058461703129667,"LIN28A/TRIM71/MYCN/HNRNPA2B1",4,"4-Topic Analysis","Topic k4"
"GO:0051348","BP","GO:0051348","negative regulation of transferase activity","8/101","276/17073",0.000232514377252454,0.00939099734791855,0.00788192011777811,"USP44/EPHA1/EPHA1/NPM1/SFRP1/SFRP2/TERF1/APOE",8,"4-Topic Analysis","Topic k4"
"GO:0032392","BP","GO:0032392","DNA geometric change","5/101","95/17073",0.000249308610582036,0.00988621963053492,0.00829756313496958,"HMGA1/HMGB1/HMGB3/HMGB2/HNRNPA2B1",5,"4-Topic Analysis","Topic k4"
"GO:0006338","BP","GO:0006338","chromatin remodeling","6/101","149/17073",0.000256089753695914,0.00997378130019263,0.00837105416686455,"HMGA1/NASP/PTMA/NPM1/CENPV/HELLS",6,"4-Topic Analysis","Topic k4"
"GO:0035198","MF","GO:0035198","miRNA binding","11/97","36/17050",6.02067421348009e-17,1.55333394707786e-14,1.35623608598394e-14,"POU5F1/POU5F1/POU5F1/POU5F1/POU5F1/POU5F1/POU5F1/LIN28A/SOX2/TRIM71/HNRNPA2B1",11,"4-Topic Analysis","Topic k4"
"GO:0061980","MF","GO:0061980","regulatory RNA binding","11/97","42/17050",4.171776899165e-16,5.38159219992285e-14,4.6987381916911e-14,"POU5F1/POU5F1/POU5F1/POU5F1/POU5F1/POU5F1/POU5F1/LIN28A/SOX2/TRIM71/HNRNPA2B1",11,"4-Topic Analysis","Topic k4"
"GO:0008301","MF","GO:0008301","DNA binding, bending","4/97","17/17050",2.21335269062888e-06,0.000190348331394084,0.000166195605541958,"HMGB1/TERF1/HMGB3/HMGB2",4,"4-Topic Analysis","Topic k4"
"GO:0001227","MF","GO:0001227","DNA-binding transcription repressor activity, RNA polymerase II-specific","8/97","238/17050",6.36183791149779e-05,0.0039880518952679,0.0034820200146362,"POU5F1/POU5F1/POU5F1/POU5F1/POU5F1/POU5F1/POU5F1/FOXD3",8,"4-Topic Analysis","Topic k4"
"GO:0070182","MF","GO:0070182","DNA polymerase binding","3/97","15/17050",7.72878274276726e-05,0.0039880518952679,0.0034820200146362,"HMGB1/HSP90AB1/PTGES3",3,"4-Topic Analysis","Topic k4"
"GO:0000400","MF","GO:0000400","four-way junction DNA binding","3/97","16/17050",9.47311787721987e-05,0.00407344068720454,0.00355657408021939,"HMGB1/HMGB3/HMGB2",3,"4-Topic Analysis","Topic k4"
"GO:0044389","MF","GO:0044389","ubiquitin-like protein ligase binding","9/97","333/17050",0.000117348184632549,0.00432511880502825,0.0037763175205061,"POU5F1/POU5F1/POU5F1/POU5F1/POU5F1/POU5F1/POU5F1/UBE2C/HSP90AB1",9,"4-Topic Analysis","Topic k4"
"GO:0000217","MF","GO:0000217","DNA secondary structure binding","3/97","23/17050",0.000291052808836441,0.00938645308497524,0.00819543435407875,"HMGB1/HMGB3/HMGB2",3,"4-Topic Analysis","Topic k4"
"GO:0006613","BP","GO:0006613","cotranslational protein targeting to membrane","34/104","113/17073",6.90851658144775e-50,1.31123644715878e-46,1.17590224338958e-46,"RPS18/RPS18/RPS18/RPS18/RPS18/RPS18/RPL28/RPS2/RPL10/RPL23A/RPS16/RPL13/RPS19/RPL32/RPS4X/RPL37A/RPL26/RPS12/RPLP1/RPS6/RPL27/RPS14/UBA52/RPS8/RPL13A/RPL30/RPL18/RPS23/RPL19/SSR2/RPL6/RPS5/RPL10A/RPS27",34,"4-Topic Analysis","Topic k2"
"GO:0045047","BP","GO:0045047","protein targeting to ER","34/104","116/17073",1.95354796635937e-49,1.85391702007504e-46,1.66257213768584e-46,"RPS18/RPS18/RPS18/RPS18/RPS18/RPS18/RPL28/RPS2/RPL10/RPL23A/RPS16/RPL13/RPS19/RPL32/RPS4X/RPL37A/RPL26/RPS12/RPLP1/RPS6/RPL27/RPS14/UBA52/RPS8/RPL13A/RPL30/RPL18/HSPA5/RPS23/RPL19/RPL6/RPS5/RPL10A/RPS27",34,"4-Topic Analysis","Topic k2"
"GO:0072599","BP","GO:0072599","establishment of protein localization to endoplasmic reticulum","34/104","120/17073",7.43647890173445e-49,4.70481231849733e-46,4.21922329266828e-46,"RPS18/RPS18/RPS18/RPS18/RPS18/RPS18/RPL28/RPS2/RPL10/RPL23A/RPS16/RPL13/RPS19/RPL32/RPS4X/RPL37A/RPL26/RPS12/RPLP1/RPS6/RPL27/RPS14/UBA52/RPS8/RPL13A/RPL30/RPL18/HSPA5/RPS23/RPL19/RPL6/RPS5/RPL10A/RPS27",34,"4-Topic Analysis","Topic k2"
"GO:0006614","BP","GO:0006614","SRP-dependent cotranslational protein targeting to membrane","33/104","110/17073",2.48241440874253e-48,1.17790563694833e-45,1.05633265761491e-45,"RPS18/RPS18/RPS18/RPS18/RPS18/RPS18/RPL28/RPS2/RPL10/RPL23A/RPS16/RPL13/RPS19/RPL32/RPS4X/RPL37A/RPL26/RPS12/RPLP1/RPS6/RPL27/RPS14/UBA52/RPS8/RPL13A/RPL30/RPL18/RPS23/RPL19/RPL6/RPS5/RPL10A/RPS27",33,"4-Topic Analysis","Topic k2"
"GO:0070972","BP","GO:0070972","protein localization to endoplasmic reticulum","34/104","136/17073",9.61147097665453e-47,3.64851438273806e-44,3.27194706721061e-44,"RPS18/RPS18/RPS18/RPS18/RPS18/RPS18/RPL28/RPS2/RPL10/RPL23A/RPS16/RPL13/RPS19/RPL32/RPS4X/RPL37A/RPL26/RPS12/RPLP1/RPS6/RPL27/RPS14/UBA52/RPS8/RPL13A/RPL30/RPL18/HSPA5/RPS23/RPL19/RPL6/RPS5/RPL10A/RPS27",34,"4-Topic Analysis","Topic k2"
"GO:0006612","BP","GO:0006612","protein targeting to membrane","36/104","177/17073",5.34076268883369e-46,1.68946126390106e-43,1.51509004699019e-43,"RPS18/RPS18/RPS18/RPS18/RPS18/RPS18/RPL28/RPS2/RPL10/RPL23A/RPS16/RPL13/RPS19/RPL32/RPS4X/RPL37A/RPL26/RPS12/RPLP1/ITGB1BP1/RPS6/RPL27/RPS14/UBA52/RPS8/RPL13A/RPL30/RPL18/HSPA5/RPS23/RPL19/SSR2/RPL6/RPS5/RPL10A/RPS27",36,"4-Topic Analysis","Topic k2"
"GO:0000184","BP","GO:0000184","nuclear-transcribed mRNA catabolic process, nonsense-mediated decay","33/104","138/17073",1.29520243082721e-44,3.51184887672863e-42,3.14938696337985e-42,"RPS18/RPS18/RPS18/RPS18/RPS18/RPS18/RPL28/RPS2/RPL10/RPL23A/RPS16/RPL13/RPS19/RPL32/RPS4X/RPL37A/RPL26/RPS12/RPLP1/RPS6/RPL27/RPS14/UBA52/RPS8/RPL13A/RPL30/RPL18/RPS23/RPL19/RPL6/RPS5/RPL10A/RPS27",33,"4-Topic Analysis","Topic k2"
"GO:0090150","BP","GO:0090150","establishment of protein localization to membrane","38/104","306/17073",5.26355281822261e-40,1.24877790612331e-37,1.11989011935078e-37,"RPS18/RPS18/RPS18/RPS18/RPS18/RPS18/RPL28/KRT18/RPS2/RPL10/RPL23A/RPS16/RPL13/RPS19/RPL32/RPS4X/RPL37A/RPL26/RPS12/RPLP1/PDCD5/ITGB1BP1/RPS6/RPL27/RPS14/UBA52/RPS8/RPL13A/RPL30/RPL18/HSPA5/RPS23/RPL19/SSR2/RPL6/RPS5/RPL10A/RPS27",38,"4-Topic Analysis","Topic k2"
"GO:0006413","BP","GO:0006413","translational initiation","34/104","209/17073",8.43422949792945e-40,1.77868528745223e-37,1.59510515767859e-37,"RPS18/RPS18/RPS18/RPS18/RPS18/RPS18/RPL28/RPS2/RPL10/RPL23A/RPS16/RPL13/RPS19/RPL32/RPS4X/RPL37A/EIF1/RPL26/RPS12/RPLP1/RPS6/RPL27/RPS14/UBA52/RPS8/RPL13A/RPL30/RPL18/RPS23/RPL19/RPL6/RPS5/RPL10A/RPS27",34,"4-Topic Analysis","Topic k2"
"GO:0019083","BP","GO:0019083","viral transcription","34/104","218/17073",3.86057959855348e-39,7.3273800780545e-37,6.57111285353787e-37,"RPS18/RPS18/RPS18/RPS18/RPS18/RPS18/RPL28/RPS2/RPL10/RPL23A/RPS16/RPL13/RPS19/RPL32/RPS4X/RPL37A/RPL26/RPS12/RPLP1/RPS6/RPL27/RPS14/UBA52/RPS8/RPL13A/RPL30/RPL18/RPS23/RPL19/HMGA2/RPL6/RPS5/RPL10A/RPS27",34,"4-Topic Analysis","Topic k2"
"GO:0019080","BP","GO:0019080","viral gene expression","34/104","233/17073",4.1966189300289e-38,7.24107520835896e-36,6.49371560751841e-36,"RPS18/RPS18/RPS18/RPS18/RPS18/RPS18/RPL28/RPS2/RPL10/RPL23A/RPS16/RPL13/RPS19/RPL32/RPS4X/RPL37A/RPL26/RPS12/RPLP1/RPS6/RPL27/RPS14/UBA52/RPS8/RPL13A/RPL30/RPL18/RPS23/RPL19/HMGA2/RPL6/RPS5/RPL10A/RPS27",34,"4-Topic Analysis","Topic k2"
"GO:0000956","BP","GO:0000956","nuclear-transcribed mRNA catabolic process","33/104","233/17073",1.68711191372628e-36,2.66844867687706e-34,2.39303505657491e-34,"RPS18/RPS18/RPS18/RPS18/RPS18/RPS18/RPL28/RPS2/RPL10/RPL23A/RPS16/RPL13/RPS19/RPL32/RPS4X/RPL37A/RPL26/RPS12/RPLP1/RPS6/RPL27/RPS14/UBA52/RPS8/RPL13A/RPL30/RPL18/RPS23/RPL19/RPL6/RPS5/RPL10A/RPS27",33,"4-Topic Analysis","Topic k2"
"GO:0006605","BP","GO:0006605","protein targeting","37/104","391/17073",1.92588749912412e-34,2.81179574872121e-32,2.52158711423781e-32,"RPS18/RPS18/RPS18/RPS18/RPS18/RPS18/RPL28/RPS2/RPL10/RPL23A/RPS16/RPL13/RPS19/RPL32/RPS4X/RPL37A/RPL26/RPS12/RPLP1/PDCD5/ITGB1BP1/RPS6/RPL27/RPS14/UBA52/RPS8/RPL13A/RPL30/RPL18/HSPA5/RPS23/RPL19/SSR2/RPL6/RPS5/RPL10A/RPS27",37,"4-Topic Analysis","Topic k2"
"GO:0006402","BP","GO:0006402","mRNA catabolic process","34/104","403/17073",7.78109168476942e-30,1.05489371554945e-27,9.4601693641144e-28,"VIM/RPS18/RPS18/RPS18/RPS18/RPS18/RPS18/RPL28/RPS2/RPL10/RPL23A/RPS16/RPL13/RPS19/RPL32/RPS4X/RPL37A/RPL26/RPS12/RPLP1/RPS6/RPL27/RPS14/UBA52/RPS8/RPL13A/RPL30/RPL18/RPS23/RPL19/RPL6/RPS5/RPL10A/RPS27",34,"4-Topic Analysis","Topic k2"
"GO:0072594","BP","GO:0072594","establishment of protein localization to organelle","36/104","484/17073",1.02113959849092e-29,1.29208197195717e-27,1.15872472334022e-27,"RPS18/RPS18/RPS18/RPS18/RPS18/RPS18/RPL28/RPS2/RPL10/RPL23A/RPS16/RPL13/RPS19/RPL32/RPS4X/RPL37A/RPL26/RPS12/RPLP1/PDCD5/RPS6/RPL27/RPS14/LMNA/UBA52/RPS8/RPL13A/RPL30/RPL18/HSPA5/RPS23/RPL19/RPL6/RPS5/RPL10A/RPS27",36,"4-Topic Analysis","Topic k2"
"GO:0006401","BP","GO:0006401","RNA catabolic process","34/104","431/17073",7.49492777996612e-29,8.89085807898481e-27,7.9732225132929e-27,"VIM/RPS18/RPS18/RPS18/RPS18/RPS18/RPS18/RPL28/RPS2/RPL10/RPL23A/RPS16/RPL13/RPS19/RPL32/RPS4X/RPL37A/RPL26/RPS12/RPLP1/RPS6/RPL27/RPS14/UBA52/RPS8/RPL13A/RPL30/RPL18/RPS23/RPL19/RPL6/RPS5/RPL10A/RPS27",34,"4-Topic Analysis","Topic k2"
"GO:0002181","BP","GO:0002181","cytoplasmic translation","8/104","72/17073",1.25150050555587e-08,1.39726350561473e-06,1.25305035138318e-06,"RPL32/RPL13A/RPL30/RPL18/RPS23/RPL19/RPL6/RPL10A",8,"4-Topic Analysis","Topic k2"
"GO:0034248","BP","GO:0034248","regulation of cellular amide metabolic process","14/104","400/17073",1.40244302663421e-07,1.4787982580843e-05,1.32616980939621e-05,"VIM/EEF1A1/RPL10/CALR/RPS4X/EIF1/RBM3/RPL26/GAPDH/IGFBP5/RHOA/RPS14/RPL13A/RPL30",14,"4-Topic Analysis","Topic k2"
"GO:0006417","BP","GO:0006417","regulation of translation","13/104","344/17073",1.69073190686639e-07,1.68895218906969e-05,1.51463351435067e-05,"VIM/RPL10/CALR/RPS4X/EIF1/RBM3/RPL26/GAPDH/IGFBP5/RHOA/RPS14/RPL13A/RPL30",13,"4-Topic Analysis","Topic k2"
"GO:0006414","BP","GO:0006414","translational elongation","8/104","135/17073",1.68944794963798e-06,0.000160328610420644,0.000143780912345506,"EEF1A1/EEF1B2/EEF1B2/RPLP1/MRPL40/RPL30/EEF1D/EEF1D",8,"4-Topic Analysis","Topic k2"
"GO:0030968","BP","GO:0030968","endoplasmic reticulum unfolded protein response","7/104","116/17073",6.87121850755534e-06,0.000621027272730478,0.000556930342191328,"CALR/MYDGF/YIF1A/KDELR3/HSP90B1/LMNA/HSPA5",7,"4-Topic Analysis","Topic k2"
"GO:0006364","BP","GO:0006364","rRNA processing","8/104","173/17073",1.06501512679957e-05,0.000918817595757088,0.000823985387576513,"RPS2/RPS16/RPS19/RPL26/RPS6/RPL27/RPS14/RPS27",8,"4-Topic Analysis","Topic k2"
"GO:0042274","BP","GO:0042274","ribosomal small subunit biogenesis","4/104","26/17073",1.75198840676221e-05,0.00144577130262378,0.00129655160353982,"RPS16/RPS19/RPS6/RPS14",4,"4-Topic Analysis","Topic k2"
"GO:0034620","BP","GO:0034620","cellular response to unfolded protein","7/104","137/17073",2.04202693691617e-05,0.00161490296927787,0.00144822699868134,"CALR/MYDGF/YIF1A/KDELR3/HSP90B1/LMNA/HSPA5",7,"4-Topic Analysis","Topic k2"
"GO:0036498","BP","GO:0036498","IRE1-mediated unfolded protein response","5/104","63/17073",4.04251828438031e-05,0.00306907988150153,0.0027523166593023,"MYDGF/YIF1A/KDELR3/LMNA/HSPA5",5,"4-Topic Analysis","Topic k2"
"GO:0016072","BP","GO:0016072","rRNA metabolic process","8/104","210/17073",4.29683659502362e-05,0.00313669071436724,0.0028129493012766,"RPS2/RPS16/RPS19/RPL26/RPS6/RPL27/RPS14/RPS27",8,"4-Topic Analysis","Topic k2"
"GO:0035967","BP","GO:0035967","cellular response to topologically incorrect protein","7/104","161/17073",5.74517823957221e-05,0.00403864751804002,0.00362181411828002,"CALR/MYDGF/YIF1A/KDELR3/HSP90B1/LMNA/HSPA5",7,"4-Topic Analysis","Topic k2"
"GO:0036500","BP","GO:0036500","ATF6-mediated unfolded protein response","3/104","13/17073",6.00745150666169e-05,0.00407219391415854,0.00365189815273382,"CALR/HSP90B1/HSPA5",3,"4-Topic Analysis","Topic k2"
"GO:0071479","BP","GO:0071479","cellular response to ionizing radiation","5/104","70/17073",6.73001053125709e-05,0.00440467585804343,0.00395006425736578,"RPL26/HSPA5/HMGA2/EEF1D/EEF1D",5,"4-Topic Analysis","Topic k2"
"GO:0042254","BP","GO:0042254","ribosome biogenesis","8/104","225/17073",6.9866178391232e-05,0.00442020021955194,0.00396398633188148,"RPS2/RPS16/RPS19/RPL26/RPS6/RPL27/RPS14/RPS27",8,"4-Topic Analysis","Topic k2"
"GO:0006986","BP","GO:0006986","response to unfolded protein","7/104","174/17073",9.36956182463453e-05,0.00573658978811495,0.00514450983715926,"CALR/MYDGF/YIF1A/KDELR3/HSP90B1/LMNA/HSPA5",7,"4-Topic Analysis","Topic k2"
"GO:0022613","BP","GO:0022613","ribonucleoprotein complex biogenesis","10/104","383/17073",0.00011505036067197,0.00682392451735624,0.00611961951337422,"RPS2/RPS16/RPS19/RPL26/RPS6/RPL27/RPS14/RPL13A/RPS23/RPS27",10,"4-Topic Analysis","Topic k2"
"GO:0045727","BP","GO:0045727","positive regulation of translation","6/104","130/17073",0.000143109930094239,0.00823098931269288,0.00738145955222915,"VIM/RPS4X/RBM3/RPL26/RHOA/RPL30",6,"4-Topic Analysis","Topic k2"
"GO:0022626","CC","GO:0022626","cytosolic ribosome","33/106","112/17712",3.13454223254688e-48,8.11846438229642e-46,6.5330459162556e-46,"RPS18/RPS18/RPS18/RPS18/RPS18/RPS18/RPL28/RPS2/RPL10/RPL23A/RPS16/RPL13/RPS19/RPL32/RPS4X/RPL37A/RPL26/RPS12/RPLP1/RPS6/RPL27/RPS14/UBA52/RPS8/RPL13A/RPL30/RPL18/RPS23/RPL19/RPL6/RPS5/RPL10A/RPS27",33,"4-Topic Analysis","Topic k2"
"GO:0044391","CC","GO:0044391","ribosomal subunit","35/106","198/17712",1.43714746183845e-42,1.86110596308079e-40,1.49765893391585e-40,"RPS18/RPS18/RPS18/RPS18/RPS18/RPS18/RPL28/RPS2/RPL10/RPL23A/RPS16/RPL13/RPS19/RPL32/RPS4X/RPL37A/RBM3/RPL26/RPS12/RPLP1/RPS6/RPL27/RPS14/UBA52/RPS8/RPL13A/MRPL40/RPL30/RPL18/RPS23/RPL19/RPL6/RPS5/RPL10A/RPS27",35,"4-Topic Analysis","Topic k2"
"GO:0005840","CC","GO:0005840","ribosome","35/106","243/17712",2.90979890914521e-39,2.51212639156203e-37,2.02154450530088e-37,"RPS18/RPS18/RPS18/RPS18/RPS18/RPS18/RPL28/RPS2/RPL10/RPL23A/RPS16/RPL13/RPS19/RPL32/RPS4X/RPL37A/RBM3/RPL26/RPS12/RPLP1/RPS6/RPL27/RPS14/UBA52/RPS8/RPL13A/MRPL40/RPL30/RPL18/RPS23/RPL19/RPL6/RPS5/RPL10A/RPS27",35,"4-Topic Analysis","Topic k2"
"GO:0044445","CC","GO:0044445","cytosolic part","33/106","240/17712",2.96948297800396e-36,1.92274022825756e-34,1.54725692011785e-34,"RPS18/RPS18/RPS18/RPS18/RPS18/RPS18/RPL28/RPS2/RPL10/RPL23A/RPS16/RPL13/RPS19/RPL32/RPS4X/RPL37A/RPL26/RPS12/RPLP1/RPS6/RPL27/RPS14/UBA52/RPS8/RPL13A/RPL30/RPL18/RPS23/RPL19/RPL6/RPS5/RPL10A/RPS27",33,"4-Topic Analysis","Topic k2"
"GO:0005925","CC","GO:0005925","focal adhesion","36/106","452/17712",5.57426824146634e-31,2.81676335547092e-29,2.26669028402049e-29,"ACTG1/VIM/RPS18/RPS18/RPS18/RPS18/RPS18/RPS18/TNC/RPS2/CALR/ANXA1/CFL1/RPS16/ACTB/RPS19/RPS4X/RPL37A/RPLP1/RHOA/TPM4/RPL27/HSP90B1/RPS14/TGFB1I1/RPS8/RPL13A/RPL30/RPL18/HSPA5/PLAU/RPL19/RPL6/RPS5/RPL10A/PPIB",36,"4-Topic Analysis","Topic k2"
"GO:0005924","CC","GO:0005924","cell-substrate adherens junction","36/106","454/17712",6.52532051460444e-31,2.81676335547092e-29,2.26669028402049e-29,"ACTG1/VIM/RPS18/RPS18/RPS18/RPS18/RPS18/RPS18/TNC/RPS2/CALR/ANXA1/CFL1/RPS16/ACTB/RPS19/RPS4X/RPL37A/RPLP1/RHOA/TPM4/RPL27/HSP90B1/RPS14/TGFB1I1/RPS8/RPL13A/RPL30/RPL18/HSPA5/PLAU/RPL19/RPL6/RPS5/RPL10A/PPIB",36,"4-Topic Analysis","Topic k2"
"GO:0030055","CC","GO:0030055","cell-substrate junction","36/106","458/17712",8.92165338206152e-31,3.30101175136276e-29,2.65637198443335e-29,"ACTG1/VIM/RPS18/RPS18/RPS18/RPS18/RPS18/RPS18/TNC/RPS2/CALR/ANXA1/CFL1/RPS16/ACTB/RPS19/RPS4X/RPL37A/RPLP1/RHOA/TPM4/RPL27/HSP90B1/RPS14/TGFB1I1/RPS8/RPL13A/RPL30/RPL18/HSPA5/PLAU/RPL19/RPL6/RPS5/RPL10A/PPIB",36,"4-Topic Analysis","Topic k2"
"GO:0022627","CC","GO:0022627","cytosolic small ribosomal subunit","17/106","55/17712",2.39794110929741e-25,7.76333434135037e-24,6.24726762685378e-24,"RPS18/RPS18/RPS18/RPS18/RPS18/RPS18/RPS2/RPS16/RPS19/RPS4X/RPS12/RPS6/RPS14/RPS8/RPS23/RPS5/RPS27",17,"4-Topic Analysis","Topic k2"
"GO:0022625","CC","GO:0022625","cytosolic large ribosomal subunit","16/106","53/17712",1.02903837419578e-23,2.96134376574119e-22,2.3830362349797e-22,"RPL28/RPL10/RPL23A/RPL13/RPL32/RPL37A/RPL26/RPLP1/RPL27/UBA52/RPL13A/RPL30/RPL18/RPL19/RPL6/RPL10A",16,"4-Topic Analysis","Topic k2"
"GO:0015934","CC","GO:0015934","large ribosomal subunit","18/106","109/17712",2.29689307594051e-21,5.94895306668591e-20,4.78720872669705e-20,"RPL28/RPL10/RPL23A/RPL13/RPL32/RPL37A/RBM3/RPL26/RPLP1/RPL27/UBA52/RPL13A/MRPL40/RPL30/RPL18/RPL19/RPL6/RPL10A",18,"4-Topic Analysis","Topic k2"
"GO:0015935","CC","GO:0015935","small ribosomal subunit","17/106","91/17712",3.40016538752043e-21,8.005843957889e-20,6.44241862898607e-20,"RPS18/RPS18/RPS18/RPS18/RPS18/RPS18/RPS2/RPS16/RPS19/RPS4X/RPS12/RPS6/RPS14/RPS8/RPS23/RPS5/RPS27",17,"4-Topic Analysis","Topic k2"
"GO:0005844","CC","GO:0005844","polysome","11/106","61/17712",6.75666760579672e-14,1.45831409158446e-12,1.17352647890153e-12,"VIM/CALR/RPL32/RPS4X/RPS6/RPL30/RPL18/RPS23/RPL19/RPL6/RPL10A",11,"4-Topic Analysis","Topic k2"
"GO:0042788","CC","GO:0042788","polysomal ribosome","7/106","31/17712",5.2566542597253e-10,1.04728727174527e-08,8.4276724164017e-09,"RPL32/RPL30/RPL18/RPS23/RPL19/RPL6/RPL10A",7,"4-Topic Analysis","Topic k2"
"GO:0014069","CC","GO:0014069","postsynaptic density","13/106","311/17712",4.32736930096236e-08,8.00563320678036e-07,6.44224903451539e-07,"RPS18/RPS18/RPS18/RPS18/RPS18/RPS18/RPS19/BNIP3/RPS14/RPL30/RPL6/RPL10A/RPS27",13,"4-Topic Analysis","Topic k2"
"GO:0032279","CC","GO:0032279","asymmetric synapse","13/106","315/17712",5.02616808015779e-08,8.67851688507245e-07,6.98372827979819e-07,"RPS18/RPS18/RPS18/RPS18/RPS18/RPS18/RPS19/BNIP3/RPS14/RPL30/RPL6/RPL10A/RPS27",13,"4-Topic Analysis","Topic k2"
"GO:0098984","CC","GO:0098984","neuron to neuron synapse","13/106","337/17712",1.10280728329042e-07,1.78516928982637e-06,1.43655159270726e-06,"RPS18/RPS18/RPS18/RPS18/RPS18/RPS18/RPS19/BNIP3/RPS14/RPL30/RPL6/RPL10A/RPS27",13,"4-Topic Analysis","Topic k2"
"GO:0099572","CC","GO:0099572","postsynaptic specialization","13/106","339/17712",1.18095316038109e-07,1.79921687375707e-06,1.44785588703069e-06,"RPS18/RPS18/RPS18/RPS18/RPS18/RPS18/RPS19/BNIP3/RPS14/RPL30/RPL6/RPL10A/RPS27",13,"4-Topic Analysis","Topic k2"
"GO:0005790","CC","GO:0005790","smooth endoplasmic reticulum","5/106","33/17712",1.44999929296147e-06,2.086387871539e-05,1.67894654974486e-05,"RPL10/CALR/PRDX4/HSPA5/PPIB",5,"4-Topic Analysis","Topic k2"
"GO:0005788","CC","GO:0005788","endoplasmic reticulum lumen","9/106","321/17712",0.000132683945527605,0.00180869167850787,0.00145548039969339,"LGALS1/TNC/CALR/MYDGF/RCN1/IGFBP5/HSP90B1/HSPA5/PPIB",9,"4-Topic Analysis","Topic k2"
"GO:0030663","CC","GO:0030663","COPI-coated vesicle membrane","3/106","18/17712",0.000159242790296571,0.0020621941343406,0.00165947749888006,"COPE/KDELR3/KDELR2",3,"4-Topic Analysis","Topic k2"
"GO:0062023","CC","GO:0062023","collagen-containing extracellular matrix","10/106","413/17712",0.000185132671774487,0.00228330295188534,0.00183740696798739,"LGALS1/TGFBI/TNC/CALR/ANXA1/ECM1/HSP90B1/TGFB1I1/MFAP5/PCOLCE",10,"4-Topic Analysis","Topic k2"
"GO:0034399","CC","GO:0034399","nuclear periphery","6/106","146/17712",0.000245341609217558,0.00288833985397034,0.0023242889294295,"VIM/KRT8/CFL1/LMNA/TGFB1I1/CFL2",6,"4-Topic Analysis","Topic k2"
"GO:0030137","CC","GO:0030137","COPI-coated vesicle","3/106","25/17712",0.000435378574060299,0.00478606637893271,0.00385141696008403,"COPE/KDELR3/KDELR2",3,"4-Topic Analysis","Topic k2"
"GO:0015629","CC","GO:0015629","actin cytoskeleton","10/106","461/17712",0.000443496498433919,0.00478606637893271,0.00385141696008403,"ACTG1/EEF1A1/MYLK/ANXA1/CFL1/ACTB/ARPC1A/TPM4/MYL6/CFL2",10,"4-Topic Analysis","Topic k2"
"GO:0031012","CC","GO:0031012","extracellular matrix","10/106","490/17712",0.000711405974545941,0.00737016589629595,0.00593087928253037,"LGALS1/TGFBI/TNC/CALR/ANXA1/ECM1/HSP90B1/TGFB1I1/MFAP5/PCOLCE",10,"4-Topic Analysis","Topic k2"
"GO:0016363","CC","GO:0016363","nuclear matrix","5/106","123/17712",0.000862285730978097,0.00858969247397412,0.00691224998921714,"VIM/KRT8/CFL1/TGFB1I1/CFL2",5,"4-Topic Analysis","Topic k2"
"GO:0003735","MF","GO:0003735","structural constituent of ribosome","28/103","129/17050",1.4903898991833e-36,2.95097200038293e-34,2.52581867124749e-34,"RPS18/RPS18/RPS18/RPS18/RPS18/RPS18/RPL28/RPS2/RPL10/RPL23A/RPL13/RPS19/RPL32/RPS4X/RPL37A/RPL26/RPLP1/RPS6/RPL27/UBA52/RPL13A/RPL30/RPL18/RPS23/RPL19/RPL6/RPS5/RPL10A",28,"4-Topic Analysis","Topic k2"
"GO:0019843","MF","GO:0019843","rRNA binding","8/103","49/17050",4.94658062117944e-10,4.89711481496765e-08,4.19157621057837e-08,"RPS18/RPS18/RPS18/RPS18/RPS18/RPS18/RPL23A/RPS4X",8,"4-Topic Analysis","Topic k2"
"GO:0003746","MF","GO:0003746","translation elongation factor activity","5/103","14/17050",1.39870194174752e-08,9.23143281553365e-07,7.90143903934565e-07,"EEF1A1/EEF1B2/EEF1B2/EEF1D/EEF1D",5,"4-Topic Analysis","Topic k2"
"GO:0050839","MF","GO:0050839","cell adhesion molecule binding","13/103","474/17050",5.51551129565711e-06,0.000273017809135027,0.000233683504894946,"KRT18/TGFBI/RPS2/CALR/RPL23A/ANXA1/FXYD5/ITGB1BP1/HSPA5/LRRC59/RPL6/EEF1D/EEF1D",13,"4-Topic Analysis","Topic k2"
"GO:0008135","MF","GO:0008135","translation factor activity, RNA binding","6/103","78/17050",7.58090629322798e-06,0.000300203889211828,0.000256952823833622,"EEF1A1/EEF1B2/EEF1B2/EIF1/EEF1D/EEF1D",6,"4-Topic Analysis","Topic k2"
"GO:0045296","MF","GO:0045296","cadherin binding","10/103","308/17050",1.71204392711241e-05,0.000564974495947094,0.000483577319763329,"KRT18/RPS2/RPL23A/ANXA1/FXYD5/HSPA5/LRRC59/RPL6/EEF1D/EEF1D",10,"4-Topic Analysis","Topic k2"
"GO:0005048","MF","GO:0005048","signal sequence binding","3/103","22/17050",0.000303305927195735,0.00857922479782222,0.00734319613210727,"AP2M1/KDELR3/KDELR2",3,"4-Topic Analysis","Topic k2"
"GO:0030198","BP","GO:0030198","extracellular matrix organization","18/96","371/17073",2.26111029813158e-12,5.08523706049793e-09,3.92481145433577e-09,"FN1/TTR/COL8A1/CCN2/BGN/ELN/SERPINE1/HAPLN1/TGFB2/ITGB1/ITGA3/FOXC2/THBS1/CCDC80/GAS6/COL4A1/COL11A1/COL4A2",18,"4-Topic Analysis","Topic k3"
"GO:0043062","BP","GO:0043062","extracellular structure organization","18/96","430/17073",2.63178462641443e-11,2.95944181240303e-08,2.28411202576705e-08,"FN1/TTR/COL8A1/CCN2/BGN/ELN/SERPINE1/HAPLN1/TGFB2/ITGB1/ITGA3/FOXC2/THBS1/CCDC80/GAS6/COL4A1/COL11A1/COL4A2",18,"4-Topic Analysis","Topic k3"
"GO:0031589","BP","GO:0031589","cell-substrate adhesion","14/96","346/17073",8.09656358663537e-09,6.06972383544765e-06,4.68464328223218e-06,"FN1/COL8A1/CCN2/POSTN/SERPINE1/EDIL3/ITGB1/ITGA3/THBS1/CDKN2A/CCDC80/GAS6/TNFRSF12A/CDK6",14,"4-Topic Analysis","Topic k3"
"GO:0007517","BP","GO:0007517","muscle organ development","14/96","399/17073",4.84946634863179e-08,2.72661245451822e-05,2.10441316023522e-05,"RGS4/ANKRD1/CSRP3/TAGLN/CRYAB/ELN/MYOZ2/TGFB2/DSP/FOXC2/EDN1/SIX1/COL11A1/TPM1",14,"4-Topic Analysis","Topic k3"
"GO:0001525","BP","GO:0001525","angiogenesis","15/96","495/17073",1.05331081802341e-07,4.44682695158554e-05,3.43208333208423e-05,"FN1/COL8A1/CCN2/SERPINE1/TGFB2/ITGB1/THBS2/FOXC2/THBS1/NPPB/EDN1/TNFRSF12A/COL4A1/ESM1/COL4A2",15,"4-Topic Analysis","Topic k3"
"GO:0003012","BP","GO:0003012","muscle system process","14/96","429/17073",1.18634778610552e-07,4.44682695158554e-05,3.43208333208423e-05,"RGS4/CCN2/CSRP3/CALD1/CRYAB/MYOZ2/DSP/OXTR/F2R/EDN1/MYL12A/MYL12B/MYL9/TPM1",14,"4-Topic Analysis","Topic k3"
"GO:0014706","BP","GO:0014706","striated muscle tissue development","13/96","371/17073",1.54786029055081e-07,4.97305399064112e-05,3.83822799867413e-05,"RGS4/ANKRD1/CSRP3/ELN/MYOZ2/TGFB2/ITGB1/DSP/FOXC2/EDN1/SIX1/COL11A1/TPM1",13,"4-Topic Analysis","Topic k3"
"GO:0010810","BP","GO:0010810","regulation of cell-substrate adhesion","10/96","204/17073",2.19736788510044e-07,5.41033501578592e-05,4.17572368586318e-05,"FN1/COL8A1/POSTN/SERPINE1/EDIL3/ITGA3/THBS1/CDKN2A/CCDC80/CDK6",10,"4-Topic Analysis","Topic k3"
"GO:0060537","BP","GO:0060537","muscle tissue development","13/96","385/17073",2.36830671128354e-07,5.41033501578592e-05,4.17572368586318e-05,"RGS4/ANKRD1/CSRP3/ELN/MYOZ2/TGFB2/ITGB1/DSP/FOXC2/EDN1/SIX1/COL11A1/TPM1",13,"4-Topic Analysis","Topic k3"
"GO:0048738","BP","GO:0048738","cardiac muscle tissue development","10/96","206/17073",2.40566252369316e-07,5.41033501578592e-05,4.17572368586318e-05,"RGS4/ANKRD1/CSRP3/TGFB2/ITGB1/DSP/FOXC2/EDN1/COL11A1/TPM1",10,"4-Topic Analysis","Topic k3"
"GO:0030239","BP","GO:0030239","myofibril assembly","6/96","50/17073",3.51249474819674e-07,7.18145517154043e-05,5.54268310026452e-05,"ANKRD1/CSRP3/MYOZ2/ITGB1/EDN1/TPM1",6,"4-Topic Analysis","Topic k3"
"GO:0006936","BP","GO:0006936","muscle contraction","12/96","336/17073",3.94288246492348e-07,7.38961888634409e-05,5.70334489882353e-05,"CCN2/CSRP3/CALD1/CRYAB/DSP/OXTR/F2R/EDN1/MYL12A/MYL12B/MYL9/TPM1",12,"4-Topic Analysis","Topic k3"
"GO:0071560","BP","GO:0071560","cellular response to transforming growth factor beta stimulus","10/96","228/17073",6.12850337684807e-07,9.64704446327748e-05,7.44563727502027e-05,"ANKRD1/DKK3/POSTN/TGFB2/ITGA3/THBS1/EDN1/CDKN2B/COL4A2/GDF15",10,"4-Topic Analysis","Topic k3"
"GO:00017041","BP","GO:0001704","formation of primary germ layer","8/96","129/17073",6.48669337019203e-07,9.64704446327748e-05,7.44563727502027e-05,"FN1/COL8A1/INHBA/ITGB1/ITGA3/FOXC2/COL11A1/COL4A2",8,"4-Topic Analysis","Topic k3"
"GO:0030335","BP","GO:0030335","positive regulation of cell migration","14/96","495/17073",6.69997117305835e-07,9.64704446327748e-05,7.44563727502027e-05,"FN1/POSTN/SERPINE1/TGFB2/ITGB1/ITGA3/CD151/FOXC2/THBS1/F2R/EDN1/RTN4/GAS6/WNT5B",14,"4-Topic Analysis","Topic k3"
"GO:0016049","BP","GO:0016049","cell growth","14/96","496/17073",6.86317080535525e-07,9.64704446327748e-05,7.44563727502027e-05,"RGS4/IGFBP7/FN1/INHBA/CRYAB/POSTN/TGFB2/ITGB1/NPPB/EDN1/RTN4/CDKN2A/TNFRSF12A/DCBLD2",14,"4-Topic Analysis","Topic k3"
"GO:0071559","BP","GO:0071559","response to transforming growth factor beta","10/96","234/17073",7.77009922577947e-07,0.000102793842110459,7.93368026211167e-05,"ANKRD1/DKK3/POSTN/TGFB2/ITGA3/THBS1/EDN1/CDKN2B/COL4A2/GDF15",10,"4-Topic Analysis","Topic k3"
"GO:0002576","BP","GO:0002576","platelet degranulation","8/96","135/17073",9.17005129999325e-07,0.000114574696520471,8.84293251092917e-05,"SRGN/FN1/SERPINE1/TGFB2/THBS1/TAGLN2/GAS6/ANXA5",8,"4-Topic Analysis","Topic k3"
"GO:0003007","BP","GO:0003007","heart morphogenesis","10/96","244/17073",1.13680184084382e-06,0.000134561438950408,0.000103855193105344,"ANKRD1/ELN/TGFB2/DSP/FOXC2/MICAL2/RTN4/SIX1/COL11A1/TPM1",10,"4-Topic Analysis","Topic k3"
"GO:0055008","BP","GO:0055008","cardiac muscle tissue morphogenesis","6/96","62/17073",1.28709900802668e-06,0.0001447342834526,0.000111706645486105,"ANKRD1/TGFB2/DSP/FOXC2/COL11A1/TPM1",6,"4-Topic Analysis","Topic k3"
"GO:0045214","BP","GO:0045214","sarcomere organization","5/96","35/17073",1.43727564733358e-06,0.000153925377659677,0.000118800378067823,"ANKRD1/MYOZ2/ITGB1/EDN1/TPM1",5,"4-Topic Analysis","Topic k3"
"GO:1903524","BP","GO:1903524","positive regulation of blood circulation","6/96","66/17073",1.86824913491773e-06,0.000190986013837726,0.000147403962845901,"RGS4/CCN2/TGFB2/F2R/EDN1/TPM1",6,"4-Topic Analysis","Topic k3"
"GO:0045823","BP","GO:0045823","positive regulation of heart contraction","5/96","38/17073",2.19288056924326e-06,0.000214425582618613,0.000165494739527787,"RGS4/CCN2/TGFB2/EDN1/TPM1",5,"4-Topic Analysis","Topic k3"
"GO:0045926","BP","GO:0045926","negative regulation of growth","10/96","268/17073",2.64538775508145e-06,0.000247894877549091,0.000191326509128478,"RGS4/INHBA/CRYAB/MT2A/TGFB2/NPPB/RTN4/CDKN2A/DCBLD2/GDF15",10,"4-Topic Analysis","Topic k3"
"GO:0060415","BP","GO:0060415","muscle tissue morphogenesis","6/96","73/17073",3.39135644661418e-06,0.000305086425937412,0.000235467232861759,"ANKRD1/TGFB2/DSP/FOXC2/COL11A1/TPM1",6,"4-Topic Analysis","Topic k3"
"GO:0031032","BP","GO:0031032","actomyosin structure organization","8/96","164/17073",3.95501390052027e-06,0.000342108702395003,0.000264041211415301,"ANKRD1/CCN2/CSRP3/ELN/MYOZ2/ITGB1/EDN1/TPM1",8,"4-Topic Analysis","Topic k3"
"GO:0001558","BP","GO:0001558","regulation of cell growth","12/96","431/17073",5.28554556292334e-06,0.000432900299898728,0.000334114621484638,"RGS4/IGFBP7/FN1/INHBA/CRYAB/TGFB2/NPPB/EDN1/RTN4/CDKN2A/TNFRSF12A/DCBLD2",12,"4-Topic Analysis","Topic k3"
"GO:0048644","BP","GO:0048644","muscle organ morphogenesis","6/96","79/17073",5.38959910945504e-06,0.000432900299898728,0.000334114621484638,"ANKRD1/TGFB2/DSP/FOXC2/COL11A1/TPM1",6,"4-Topic Analysis","Topic k3"
"GO:0007160","BP","GO:0007160","cell-matrix adhesion","9/96","232/17073",6.28755656575677e-06,0.000487610852289206,0.00037634050007016,"FN1/CCN2/POSTN/SERPINE1/ITGB1/ITGA3/THBS1/CDKN2A/CDK6",9,"4-Topic Analysis","Topic k3"
"GO:0055010","BP","GO:0055010","ventricular cardiac muscle tissue morphogenesis","5/96","48/17073",7.15585762971958e-06,0.000536450793641311,0.000414035411628337,"TGFB2/DSP/FOXC2/COL11A1/TPM1",5,"4-Topic Analysis","Topic k3"
"GO:0007050","BP","GO:0007050","cell cycle arrest","9/96","238/17073",7.72741781524637e-06,0.000560611698919003,0.000432682919434338,"CCND1/INHBA/TGFB2/THBS1/CDKN2A/GAS6/GADD45A/CDK6/CDKN2B",9,"4-Topic Analysis","Topic k3"
"GO:0030308","BP","GO:0030308","negative regulation of cell growth","8/96","185/17073",9.60734381863883e-06,0.00067521613275371,0.000521135195951823,"RGS4/INHBA/CRYAB/TGFB2/NPPB/RTN4/CDKN2A/DCBLD2",8,"4-Topic Analysis","Topic k3"
"GO:00073691","BP","GO:0007369","gastrulation","8/96","186/17073",9.99319758333053e-06,0.000681051556512435,0.000525639005260352,"FN1/COL8A1/INHBA/ITGB1/ITGA3/FOXC2/COL11A1/COL4A2",8,"4-Topic Analysis","Topic k3"
"GO:00359871","BP","GO:0035987","endodermal cell differentiation","5/96","52/17073",1.06702029132924e-05,0.000692062231728884,0.000534137099586216,"FN1/COL8A1/INHBA/COL11A1/COL4A2",5,"4-Topic Analysis","Topic k3"
"GO:0010927","BP","GO:0010927","cellular component assembly involved in morphogenesis","6/96","89/17073",1.07701992487821e-05,0.000692062231728884,0.000534137099586216,"ANKRD1/CSRP3/MYOZ2/ITGB1/EDN1/TPM1",6,"4-Topic Analysis","Topic k3"
"GO:0061041","BP","GO:0061041","regulation of wound healing","7/96","137/17073",1.20833668929195e-05,0.000745984394022763,0.000575754494743177,"SERPINE1/FOXC2/THBS1/F2R/EDN1/PLAT/TNFRSF12A",7,"4-Topic Analysis","Topic k3"
"GO:0007568","BP","GO:0007568","aging","10/96","319/17073",1.22727534810326e-05,0.000745984394022763,0.000575754494743177,"CCN2/IGFBP2/CRYAB/SERPINE1/TSPO/EDN1/CDKN2A/CDK6/CDKN2B/COL4A2",10,"4-Topic Analysis","Topic k3"
"GO:0055002","BP","GO:0055002","striated muscle cell development","7/96","140/17073",1.39179154301207e-05,0.000812724646105865,0.000627264955853395,"RGS4/ANKRD1/CSRP3/MYOZ2/ITGB1/EDN1/TPM1",7,"4-Topic Analysis","Topic k3"
"GO:0003229","BP","GO:0003229","ventricular cardiac muscle tissue development","5/96","55/17073",1.40934909729341e-05,0.000812724646105865,0.000627264955853395,"TGFB2/DSP/FOXC2/COL11A1/TPM1",5,"4-Topic Analysis","Topic k3"
"GO:0007596","BP","GO:0007596","blood coagulation","10/96","330/17073",1.64531442350149e-05,0.000925078034613711,0.000713979864303672,"SERPINE1/F2RL2/THBS1/F2R/EDN1/MYL12A/PLAT/GAS6/ANXA5/MYL9",10,"4-Topic Analysis","Topic k3"
"GO:0009612","BP","GO:0009612","response to mechanical stimulus","8/96","201/17073",1.75511295077268e-05,0.000962743664948232,0.000743050386604402,"ANKRD1/CSRP3/IGFBP2/POSTN/THBS1/EDN1/GADD45A/COL11A1",8,"4-Topic Analysis","Topic k3"
"GO:0050817","BP","GO:0050817","coagulation","10/96","334/17073",1.82513038620841e-05,0.000977313866329217,0.000754295741067084,"SERPINE1/F2RL2/THBS1/F2R/EDN1/MYL12A/PLAT/GAS6/ANXA5/MYL9",10,"4-Topic Analysis","Topic k3"
"GO:0007599","BP","GO:0007599","hemostasis","10/96","336/17073",1.92121204228328e-05,0.00100483857746398,0.000775539451095504,"SERPINE1/F2RL2/THBS1/F2R/EDN1/MYL12A/PLAT/GAS6/ANXA5/MYL9",10,"4-Topic Analysis","Topic k3"
"GO:00017061","BP","GO:0001706","endoderm formation","5/96","59/17073",1.99257719395853e-05,0.00101847866118471,0.000786066936085553,"FN1/COL8A1/INHBA/COL11A1/COL4A2",5,"4-Topic Analysis","Topic k3"
"GO:0055001","BP","GO:0055001","muscle cell development","7/96","155/17073",2.6903602397615e-05,0.00134458226204969,0.00103775532991034,"RGS4/ANKRD1/CSRP3/MYOZ2/ITGB1/EDN1/TPM1",7,"4-Topic Analysis","Topic k3"
"GO:0006937","BP","GO:0006937","regulation of muscle contraction","7/96","157/17073",2.9214613406517e-05,0.00140124373618473,0.00108148693967781,"CCN2/DSP/OXTR/F2R/EDN1/MYL9/TPM1",7,"4-Topic Analysis","Topic k3"
"GO:2000134","BP","GO:2000134","negative regulation of G1/S transition of mitotic cell cycle","6/96","106/17073",2.92834395734471e-05,0.00140124373618473,0.00108148693967781,"CCND1/CDKN2A/RPS27L/GADD45A/CDK6/CDKN2B",6,"4-Topic Analysis","Topic k3"
"GO:0016525","BP","GO:0016525","negative regulation of angiogenesis","6/96","107/17073",3.08835056563429e-05,0.00144702092127323,0.00111681800059889,"SERPINE1/TGFB2/THBS2/THBS1/NPPB/COL4A2",6,"4-Topic Analysis","Topic k3"
"GO:0018149","BP","GO:0018149","peptide cross-linking","4/96","33/17073",3.38947602226886e-05,0.00151231845129445,0.00116721496158973,"FN1/BGN/DSP/THBS1",4,"4-Topic Analysis","Topic k3"
"GO:1902807","BP","GO:1902807","negative regulation of cell cycle G1/S phase transition","6/96","109/17073",3.42944602116571e-05,0.00151231845129445,0.00116721496158973,"CCND1/CDKN2A/RPS27L/GADD45A/CDK6/CDKN2B",6,"4-Topic Analysis","Topic k3"
"GO:2000181","BP","GO:2000181","negative regulation of blood vessel morphogenesis","6/96","109/17073",3.42944602116571e-05,0.00151231845129445,0.00116721496158973,"SERPINE1/TGFB2/THBS2/THBS1/NPPB/COL4A2",6,"4-Topic Analysis","Topic k3"
"GO:0010811","BP","GO:0010811","positive regulation of cell-substrate adhesion","6/96","111/17073",3.80016056225788e-05,0.00161272701860471,0.00124471079716326,"FN1/COL8A1/EDIL3/ITGA3/CCDC80/CDK6",6,"4-Topic Analysis","Topic k3"
"GO:0098801","BP","GO:0098801","regulation of renal system process","4/96","34/17073",3.82490701394237e-05,0.00161272701860471,0.00124471079716326,"NPPB/F2R/EDN1/GAS6",4,"4-Topic Analysis","Topic k3"
"GO:0045765","BP","GO:0045765","regulation of angiogenesis","9/96","293/17073",4.01206048279905e-05,0.00161272701860471,0.00124471079716326,"SERPINE1/TGFB2/ITGB1/THBS2/FOXC2/THBS1/NPPB/TNFRSF12A/COL4A2",9,"4-Topic Analysis","Topic k3"
"GO:0008217","BP","GO:0008217","regulation of blood pressure","7/96","165/17073",4.01568310546303e-05,0.00161272701860471,0.00124471079716326,"POSTN/OXTR/NPPB/F2R/EDN1/GAS6/TPM1",7,"4-Topic Analysis","Topic k3"
"GO:1903034","BP","GO:1903034","regulation of response to wounding","7/96","165/17073",4.01568310546303e-05,0.00161272701860471,0.00124471079716326,"SERPINE1/FOXC2/THBS1/F2R/EDN1/PLAT/TNFRSF12A",7,"4-Topic Analysis","Topic k3"
"GO:0045785","BP","GO:0045785","positive regulation of cell adhesion","11/96","456/17073",5.00121411445153e-05,0.00197328606024588,0.00152299207289577,"FN1/COL8A1/IGFBP2/EDIL3/TGFB2/ITGA3/FOXC2/CCDC80/CDK6/TPM1/FSTL3",11,"4-Topic Analysis","Topic k3"
"GO:0003208","BP","GO:0003208","cardiac ventricle morphogenesis","5/96","73/17073",5.61862741717496e-05,0.00216571916351516,0.00167151290661884,"TGFB2/DSP/FOXC2/COL11A1/TPM1",5,"4-Topic Analysis","Topic k3"
"GO:0090257","BP","GO:0090257","regulation of muscle system process","8/96","237/17073",5.68152203856799e-05,0.00216571916351516,0.00167151290661884,"RGS4/CCN2/DSP/OXTR/F2R/EDN1/MYL9/TPM1",8,"4-Topic Analysis","Topic k3"
"GO:1901343","BP","GO:1901343","negative regulation of vasculature development","6/96","120/17073",5.88688968386408e-05,0.00220660248316838,0.00170306685766524,"SERPINE1/TGFB2/THBS2/THBS1/NPPB/COL4A2",6,"4-Topic Analysis","Topic k3"
"GO:0030193","BP","GO:0030193","regulation of blood coagulation","5/96","75/17073",6.39926616576766e-05,0.00235933600111664,0.00182094735243328,"SERPINE1/THBS1/F2R/EDN1/PLAT",5,"4-Topic Analysis","Topic k3"
"GO:0048333","BP","GO:0048333","mesodermal cell differentiation","4/96","39/17073",6.63935578713237e-05,0.00240837276859044,0.00185879417537883,"INHBA/ITGB1/ITGA3/FOXC2",4,"4-Topic Analysis","Topic k3"
"GO:1900046","BP","GO:1900046","regulation of hemostasis","5/96","76/17073",6.81965988715398e-05,0.00243451033114433,0.0018789672771791,"SERPINE1/THBS1/F2R/EDN1/PLAT",5,"4-Topic Analysis","Topic k3"
"GO:0000082","BP","GO:0000082","G1/S transition of mitotic cell cycle","8/96","244/17073",6.96899855371254e-05,0.00244894964801555,0.00189011161432105,"CCND1/INHBA/ITGB1/CDKN2A/RPS27L/GADD45A/CDK6/CDKN2B",8,"4-Topic Analysis","Topic k3"
"GO:0001953","BP","GO:0001953","negative regulation of cell-matrix adhesion","4/96","40/17073",7.34540331303561e-05,0.00254150954631032,0.00196154980780498,"POSTN/SERPINE1/THBS1/CDKN2A",4,"4-Topic Analysis","Topic k3"
"GO:0043010","BP","GO:0043010","camera-type eye development","9/96","318/17073",7.54642248980495e-05,0.00257150063326838,0.00198469707905715,"COL8A1/INHBA/CRYAB/TGFB2/FOXC2/EFEMP1/COL4A1/FAT1/WNT5B",9,"4-Topic Analysis","Topic k3"
"GO:0050818","BP","GO:0050818","regulation of coagulation","5/96","78/17073",7.72409832007459e-05,0.00259276076445489,0.00200110575487871,"SERPINE1/THBS1/F2R/EDN1/PLAT",5,"4-Topic Analysis","Topic k3"
"GO:0032355","BP","GO:0032355","response to estradiol","6/96","129/17073",8.803109151546e-05,0.00290459201467723,0.00224177867693372,"CCN2/IGFBP2/CCND1/CRYAB/POSTN/OXTR",6,"4-Topic Analysis","Topic k3"
"GO:1901342","BP","GO:1901342","regulation of vasculature development","9/96","325/17073",8.91137612328717e-05,0.00290459201467723,0.00224177867693372,"SERPINE1/TGFB2/ITGB1/THBS2/FOXC2/THBS1/NPPB/TNFRSF12A/COL4A2",9,"4-Topic Analysis","Topic k3"
"GO:0003073","BP","GO:0003073","regulation of systemic arterial blood pressure","5/96","81/17073",9.25075658076351e-05,0.00295774392622167,0.00228280158870119,"POSTN/F2R/EDN1/GAS6/TPM1",5,"4-Topic Analysis","Topic k3"
"GO:0007178","BP","GO:0007178","transmembrane receptor protein serine/threonine kinase signaling pathway","9/96","327/17073",9.33747526730717e-05,0.00295774392622167,0.00228280158870119,"INHBA/DKK3/TGFB2/ITGA3/FSTL1/THBS1/CDKN2B/FSTL3/GDF15",9,"4-Topic Analysis","Topic k3"
"GO:00074921","BP","GO:0007492","endoderm development","5/96","83/17073",0.000103906014095967,0.00324561980141429,0.00250498563222586,"FN1/COL8A1/INHBA/COL11A1/COL4A2",5,"4-Topic Analysis","Topic k3"
"GO:0044843","BP","GO:0044843","cell cycle G1/S phase transition","8/96","260/17073",0.000108426649847795,0.00334043199325604,0.00257816215715953,"CCND1/INHBA/ITGB1/CDKN2A/RPS27L/GADD45A/CDK6/CDKN2B",8,"4-Topic Analysis","Topic k3"
"GO:0051146","BP","GO:0051146","striated muscle cell differentiation","8/96","261/17073",0.000111344016107917,0.0033839553003609,0.00261175366375471,"RGS4/ANKRD1/CSRP3/MYOZ2/ITGB1/EDN1/TPM1/GDF15",8,"4-Topic Analysis","Topic k3"
"GO:0042692","BP","GO:0042692","muscle cell differentiation","9/96","339/17073",0.000122702831701216,0.00367944891328045,0.00283981711544287,"RGS4/ANKRD1/CSRP3/MYOZ2/ITGB1/EDN1/SIX1/TPM1/GDF15",9,"4-Topic Analysis","Topic k3"
"GO:0032570","BP","GO:0032570","response to progesterone","4/96","46/17073",0.000127819170254891,0.00378243834083224,0.00291930487188803,"TGFB2/TSPO/OXTR/THBS1",4,"4-Topic Analysis","Topic k3"
"GO:0035994","BP","GO:0035994","response to muscle stretch","3/96","18/17073",0.000132229732084843,0.00386213853842613,0.00298081788390849,"ANKRD1/CSRP3/EDN1",3,"4-Topic Analysis","Topic k3"
"GO:1901654","BP","GO:1901654","response to ketone","7/96","200/17073",0.000134681283490414,0.00388331034064026,0.0029971583869864,"IGFBP7/CCND1/TGFB2/TSPO/OXTR/THBS1/EDN1",7,"4-Topic Analysis","Topic k3"
"GO:0045933","BP","GO:0045933","positive regulation of muscle contraction","4/96","47/17073",0.000139110351884617,0.00396024280238611,0.00305653524660537,"CCN2/OXTR/F2R/EDN1",4,"4-Topic Analysis","Topic k3"
"GO:0014812","BP","GO:0014812","muscle cell migration","5/96","90/17073",0.000152487351045163,0.00428680065625715,0.00330857423517729,"POSTN/SERPINE1/SIX1/ARPC5/TPM1",5,"4-Topic Analysis","Topic k3"
"GO:0010634","BP","GO:0010634","positive regulation of epithelial cell migration","6/96","143/17073",0.00015517813517871,0.00428910070997115,0.00331034942816336,"TGFB2/ITGA3/FOXC2/THBS1/EDN1/RTN4",6,"4-Topic Analysis","Topic k3"
"GO:0097205","BP","GO:0097205","renal filtration","3/96","19/17073",0.000156383396272848,0.00428910070997115,0.00331034942816336,"ITGA3/F2R/GAS6",3,"4-Topic Analysis","Topic k3"
"GO:0030195","BP","GO:0030195","negative regulation of blood coagulation","4/96","50/17073",0.000177315824191508,0.00474742010246073,0.00366408263272928,"SERPINE1/THBS1/EDN1/PLAT",4,"4-Topic Analysis","Topic k3"
"GO:2001238","BP","GO:2001238","positive regulation of extrinsic apoptotic signaling pathway","4/96","50/17073",0.000177315824191508,0.00474742010246073,0.00366408263272928,"INHBA/THBS1/TNFRSF12A/PEA15",4,"4-Topic Analysis","Topic k3"
"GO:0033002","BP","GO:0033002","muscle cell proliferation","7/96","211/17073",0.000187403163526396,0.00495846723259839,0.00382696986569692,"ELN/TGFB2/FOXC2/THBS1/EDN1/SIX1/TPM1",7,"4-Topic Analysis","Topic k3"
"GO:1900047","BP","GO:1900047","negative regulation of hemostasis","4/96","51/17073",0.000191582098400076,0.00501009464304384,0.00386681615987423,"SERPINE1/THBS1/EDN1/PLAT",4,"4-Topic Analysis","Topic k3"
"GO:0043281","BP","GO:0043281","regulation of cysteine-type endopeptidase activity involved in apoptotic process","7/96","213/17073",0.000198573838965726,0.00513324786015998,0.00396186643018128,"CCN2/CRYAB/THBS1/F2R/RPS27L/GAS6/BCAP31",7,"4-Topic Analysis","Topic k3"
"GO:0050819","BP","GO:0050819","negative regulation of coagulation","4/96","52/17073",0.000206658089690641,0.00521520197826293,0.00402511902934899,"SERPINE1/THBS1/EDN1/PLAT",4,"4-Topic Analysis","Topic k3"
"GO:0090303","BP","GO:0090303","positive regulation of wound healing","4/96","52/17073",0.000206658089690641,0.00521520197826293,0.00402511902934899,"SERPINE1/FOXC2/THBS1/F2R",4,"4-Topic Analysis","Topic k3"
"GO:2000045","BP","GO:2000045","regulation of G1/S transition of mitotic cell cycle","6/96","151/17073",0.000208700835057209,0.00521520197826293,0.00402511902934899,"CCND1/CDKN2A/RPS27L/GADD45A/CDK6/CDKN2B",6,"4-Topic Analysis","Topic k3"
"GO:0001654","BP","GO:0001654","eye development","9/96","367/17073",0.000222188831641563,0.00549123826771291,0.00423816522124855,"COL8A1/INHBA/CRYAB/TGFB2/FOXC2/EFEMP1/COL4A1/FAT1/WNT5B",9,"4-Topic Analysis","Topic k3"
"GO:1903522","BP","GO:1903522","regulation of blood circulation","8/96","290/17073",0.000228984220719212,0.00559766861301639,0.00432030869526294,"RGS4/CCN2/CSRP3/TGFB2/DSP/F2R/EDN1/TPM1",8,"4-Topic Analysis","Topic k3"
"GO:0090066","BP","GO:0090066","regulation of anatomical structure size","10/96","454/17073",0.000234414561750279,0.00566879945565998,0.00437520783617669,"FN1/ELN/FOXC2/NPPB/F2R/EDN1/RTN4/DSTN/TNFRSF12A/ARPC5",10,"4-Topic Analysis","Topic k3"
"GO:0150063","BP","GO:0150063","visual system development","9/96","371/17073",0.000240754314308546,0.00576017503063746,0.0044457319629876,"COL8A1/INHBA/CRYAB/TGFB2/FOXC2/EFEMP1/COL4A1/FAT1/WNT5B",9,"4-Topic Analysis","Topic k3"
"GO:0031639","BP","GO:0031639","plasminogen activation","3/96","22/17073",0.000245512593202593,0.0058121876011856,0.00448587552566289,"SERPINE1/THBS1/PLAT",3,"4-Topic Analysis","Topic k3"
"GO:0048588","BP","GO:0048588","developmental cell growth","7/96","222/17073",0.000255704788585286,0.00599041739091988,0.00462343417080194,"RGS4/FN1/POSTN/ITGB1/EDN1/RTN4/TNFRSF12A",7,"4-Topic Analysis","Topic k3"
"GO:0048880","BP","GO:0048880","sensory system development","9/96","383/17073",0.000304358078882721,0.00705671463306433,0.00544640772737501,"COL8A1/INHBA/CRYAB/TGFB2/FOXC2/EFEMP1/COL4A1/FAT1/WNT5B",9,"4-Topic Analysis","Topic k3"
"GO:0010460","BP","GO:0010460","positive regulation of heart rate","3/96","24/17073",0.000320053874316513,0.00734490982997795,0.00566883822500463,"RGS4/EDN1/TPM1",3,"4-Topic Analysis","Topic k3"
"GO:0036293","BP","GO:0036293","response to decreased oxygen levels","9/96","389/17073",0.000341040359568166,0.0077093560889355,0.00595011967454758,"ANKRD1/CCN2/CRYAB/POSTN/TGFB2/OXTR/THBS1/EDN1/PLAT",9,"4-Topic Analysis","Topic k3"
"GO:0097191","BP","GO:0097191","extrinsic apoptotic signaling pathway","7/96","233/17073",0.000342790399685883,0.0077093560889355,0.00595011967454758,"INHBA/SERPINE1/TGFB2/MLLT11/THBS1/TNFRSF12A/PEA15",7,"4-Topic Analysis","Topic k3"
"GO:1902806","BP","GO:1902806","regulation of cell cycle G1/S phase transition","6/96","166/17073",0.000347553066260381,0.00773907768336234,0.00597305895011326,"CCND1/CDKN2A/RPS27L/GADD45A/CDK6/CDKN2B",6,"4-Topic Analysis","Topic k3"
"GO:0030325","BP","GO:0030325","adrenal gland development","3/96","25/17073",0.000362218646023529,0.00798656602849919,0.00616407169548813,"DKK3/TSPO/FSTL3",3,"4-Topic Analysis","Topic k3"
"GO:0030194","BP","GO:0030194","positive regulation of blood coagulation","3/96","26/17073",0.000407799901525413,0.00865545064080722,0.00668032019222162,"SERPINE1/THBS1/F2R",3,"4-Topic Analysis","Topic k3"
"GO:0042730","BP","GO:0042730","fibrinolysis","3/96","26/17073",0.000407799901525413,0.00865545064080722,0.00668032019222162,"SERPINE1/THBS1/PLAT",3,"4-Topic Analysis","Topic k3"
"GO:1900048","BP","GO:1900048","positive regulation of hemostasis","3/96","26/17073",0.000407799901525413,0.00865545064080722,0.00668032019222162,"SERPINE1/THBS1/F2R",3,"4-Topic Analysis","Topic k3"
"GO:1903036","BP","GO:1903036","positive regulation of response to wounding","4/96","62/17073",0.000407949207614747,0.00865545064080722,0.00668032019222162,"SERPINE1/FOXC2/THBS1/F2R",4,"4-Topic Analysis","Topic k3"
"GO:0048638","BP","GO:0048638","regulation of developmental growth","8/96","318/17073",0.000424766201889584,0.0088592359945942,0.0068376027498003,"RGS4/FN1/FOXC2/EDN1/RTN4/SIX1/TNFRSF12A/GDF15",8,"4-Topic Analysis","Topic k3"
"GO:0048545","BP","GO:0048545","response to steroid hormone","9/96","401/17073",0.000425432408811104,0.0088592359945942,0.0068376027498003,"IGFBP7/CCN2/IGFBP2/CCND1/TGFB2/TSPO/OXTR/THBS1/EDN1",9,"4-Topic Analysis","Topic k3"
"GO:0008016","BP","GO:0008016","regulation of heart contraction","7/96","242/17073",0.000430500272195102,0.00886808266203076,0.00684443065207401,"RGS4/CCN2/CSRP3/TGFB2/DSP/EDN1/TPM1",7,"4-Topic Analysis","Topic k3"
"GO:0033627","BP","GO:0033627","cell adhesion mediated by integrin","4/96","63/17073",0.00043374348280275,0.00886808266203076,0.00684443065207401,"SERPINE1/TGFB2/ITGB1/FOXC2",4,"4-Topic Analysis","Topic k3"
"GO:0050820","BP","GO:0050820","positive regulation of coagulation","3/96","27/17073",0.00045691020380307,0.0091749200745813,0.00708124930518104,"SERPINE1/THBS1/F2R",3,"4-Topic Analysis","Topic k3"
"GO:0060561","BP","GO:0060561","apoptotic process involved in morphogenesis","3/96","27/17073",0.00045691020380307,0.0091749200745813,0.00708124930518104,"CRYAB/TGFB2/FOXC2",3,"4-Topic Analysis","Topic k3"
"GO:2000116","BP","GO:2000116","regulation of cysteine-type endopeptidase activity","7/96","246/17073",0.000474839494415656,0.00945056657469744,0.00729399465571883,"CCN2/CRYAB/THBS1/F2R/RPS27L/GAS6/BCAP31",7,"4-Topic Analysis","Topic k3"
"GO:0071900","BP","GO:0071900","regulation of protein serine/threonine kinase activity","10/96","499/17073",0.000494678995722962,0.00975906194193808,0.00753209292656661,"RGS4/CCND1/THBS1/F2R/EDN1/CDKN2A/GADD45A/CDKN2B/PEA15/GDF15",10,"4-Topic Analysis","Topic k3"
"GO:00620231","CC","GO:0062023","collagen-containing extracellular matrix","22/96","413/17712",3.85894582418129e-16,7.52494435715351e-14,5.80872897745183e-14,"IGFBP7/FN1/COL8A1/CCN2/BGN/POSTN/ELN/SERPINE1/HAPLN1/EDIL3/TGFB2/CD151/THBS2/THBS1/CCDC80/ANXA5/EFEMP1/COL4A1/COL11A1/COL4A2/WNT5B/GDF15",22,"4-Topic Analysis","Topic k3"
"GO:00310121","CC","GO:0031012","extracellular matrix","22/96","490/17712",1.32602597641707e-14,1.29287532700664e-12,9.98009024356003e-13,"IGFBP7/FN1/COL8A1/CCN2/BGN/POSTN/ELN/SERPINE1/HAPLN1/EDIL3/TGFB2/CD151/THBS2/THBS1/CCDC80/ANXA5/EFEMP1/COL4A1/COL11A1/COL4A2/WNT5B/GDF15",22,"4-Topic Analysis","Topic k3"
"GO:00057881","CC","GO:0005788","endoplasmic reticulum lumen","13/96","321/17712",1.86944587607925e-08,1.21513981945151e-06,9.3800266764678e-07,"IGFBP7/FN1/COL8A1/FSTL1/THBS1/EDN1/PRSS23/GAS6/COL4A1/COL11A1/COL4A2/FSTL3/WNT5B",13,"4-Topic Analysis","Topic k3"
"GO:0005604","CC","GO:0005604","basement membrane","7/96","91/17712",6.14913770743725e-07,2.99770463237566e-05,2.31401761095665e-05,"FN1/COL8A1/CD151/THBS2/CCDC80/COL4A1/COL4A2",7,"4-Topic Analysis","Topic k3"
"GO:0031091","CC","GO:0031091","platelet alpha granule","7/96","100/17712",1.16891134558721e-06,4.55875424779012e-05,3.51903836671518e-05,"SRGN/FN1/SERPINE1/TGFB2/THBS2/THBS1/GAS6",7,"4-Topic Analysis","Topic k3"
"GO:0031093","CC","GO:0031093","platelet alpha granule lumen","6/96","70/17712",2.14613469305233e-06,6.97493775242006e-05,5.38416247555233e-05,"SRGN/FN1/SERPINE1/TGFB2/THBS1/GAS6",6,"4-Topic Analysis","Topic k3"
"GO:0098644","CC","GO:0098644","complex of collagen trimers","4/96","24/17712",7.92354908743406e-06,0.000220727438864235,0.000170386093158356,"COL8A1/COL4A1/COL11A1/COL4A2",4,"4-Topic Analysis","Topic k3"
"GO:0044420","CC","GO:0044420","extracellular matrix component","5/96","53/17712",9.83619836623268e-06,0.000239757335176922,0.000185075837680431,"COL8A1/ELN/COL4A1/COL11A1/COL4A2",5,"4-Topic Analysis","Topic k3"
"GO:0034774","CC","GO:0034774","secretory granule lumen","9/96","354/17712",0.000129237525213904,0.00259560650467649,0.00200362607378536,"SRGN/FN1/TTR/S100A11/SERPINE1/TGFB2/THBS1/GAS6/ARPC5",9,"4-Topic Analysis","Topic k3"
"GO:0030016","CC","GO:0030016","myofibril","7/96","207/17712",0.000133108025880846,0.00259560650467649,0.00200362607378536,"ANKRD1/CSRP3/CALD1/CRYAB/MYOZ2/MYL9/TPM1",7,"4-Topic Analysis","Topic k3"
"GO:0060205","CC","GO:0060205","cytoplasmic vesicle lumen","9/96","372/17712",0.000187402873674802,0.00290651245275035,0.00224362364773711,"SRGN/FN1/TTR/S100A11/SERPINE1/TGFB2/THBS1/GAS6/ARPC5",9,"4-Topic Analysis","Topic k3"
"GO:0031983","CC","GO:0031983","vesicle lumen","9/96","373/17712",0.000191187457468686,0.00290651245275035,0.00224362364773711,"SRGN/FN1/TTR/S100A11/SERPINE1/TGFB2/THBS1/GAS6/ARPC5",9,"4-Topic Analysis","Topic k3"
"GO:0043292","CC","GO:0043292","contractile fiber","7/96","220/17712",0.000193767496850023,0.00290651245275035,0.00224362364773711,"ANKRD1/CSRP3/CALD1/CRYAB/MYOZ2/MYL9/TPM1",7,"4-Topic Analysis","Topic k3"
"GO:0031594","CC","GO:0031594","neuromuscular junction","4/96","62/17712",0.000355365372166964,0.00494973196946843,0.00382084573081774,"POSTN/ITGB1/F2R/TUBA1A",4,"4-Topic Analysis","Topic k3"
"GO:0030017","CC","GO:0030017","sarcomere","6/96","183/17712",0.000481249856334654,0.0061679426943599,0.00476121892196202,"ANKRD1/CSRP3/CRYAB/MYOZ2/MYL9/TPM1",6,"4-Topic Analysis","Topic k3"
"GO:0045095","CC","GO:0045095","keratin filament","4/96","68/17712",0.000506087605691068,0.0061679426943599,0.00476121892196202,"KRT7/KRTAP2-3/KRTAP2-3/KRT81",4,"4-Topic Analysis","Topic k3"
"GO:0031674","CC","GO:0031674","I band","5/96","124/17712",0.000570178791318195,0.00654028613570871,0.005048641929319,"ANKRD1/CSRP3/CRYAB/MYOZ2/MYL9",5,"4-Topic Analysis","Topic k3"
"GO:0044449","CC","GO:0044449","contractile fiber part","6/96","202/17712",0.000808162088387197,0.0087550892908613,0.00675831454031399,"ANKRD1/CSRP3/CRYAB/MYOZ2/MYL9/TPM1",6,"4-Topic Analysis","Topic k3"
"GO:0005201","MF","GO:0005201","extracellular matrix structural constituent","14/95","183/17050",1.56356266917308e-12,3.40856661879731e-10,2.84732991333623e-10,"IGFBP7/FN1/COL8A1/BGN/POSTN/ELN/HAPLN1/EDIL3/THBS2/THBS1/EFEMP1/COL4A1/COL11A1/COL4A2",14,"4-Topic Analysis","Topic k3"
"GO:0001968","MF","GO:0001968","fibronectin binding","6/95","23/17050",2.38466645555185e-09,2.59928643655152e-07,2.17130156216037e-07,"CCN2/ITGB1/ITGA3/THBS1/CCDC80/FSTL3",6,"4-Topic Analysis","Topic k3"
"GO:00508391","MF","GO:0050839","cell adhesion molecule binding","13/95","474/17050",2.20036824092038e-06,0.000130189894294479,0.000108753508995388,"FN1/CALD1/S100A11/EDIL3/ITGB1/ITGA3/CD151/DSP/THBS1/RTN4/TAGLN2/SLC9A3R2/ESM1",13,"4-Topic Analysis","Topic k3"
"GO:0005539","MF","GO:0005539","glycosaminoglycan binding","9/95","208/17050",2.38880539989869e-06,0.000130189894294479,0.000108753508995388,"FN1/BGN/POSTN/HAPLN1/FSTL1/THBS2/THBS1/CCDC80/COL11A1",9,"4-Topic Analysis","Topic k3"
"GO:0050840","MF","GO:0050840","extracellular matrix binding","5/95","43/17050",3.93160674894544e-06,0.000171418054254021,0.000143193256330013,"BGN/ELN/ITGA3/THBS1/COL11A1",5,"4-Topic Analysis","Topic k3"
"GO:0005520","MF","GO:0005520","insulin-like growth factor binding","4/95","27/17050",1.43868319652925e-05,0.000522721561405627,0.000436652970174667,"IGFBP7/CCN2/IGFBP2/ESM1",4,"4-Topic Analysis","Topic k3"
"GO:0008201","MF","GO:0008201","heparin binding","7/95","161/17050",3.23505603977373e-05,0.0010074888809581,0.000841601044933617,"FN1/POSTN/FSTL1/THBS2/THBS1/CCDC80/COL11A1",7,"4-Topic Analysis","Topic k3"
"GO:0005178","MF","GO:0005178","integrin binding","6/95","124/17050",6.71502941550193e-05,0.00182984551572428,0.00152855274852873,"FN1/EDIL3/ITGA3/CD151/THBS1/ESM1",6,"4-Topic Analysis","Topic k3"
"GO:0019838","MF","GO:0019838","growth factor binding","6/95","132/17050",9.50049802002852e-05,0.00230123174262913,0.00192232299118706,"IGFBP7/CCN2/IGFBP2/THBS1/COL4A1/ESM1",6,"4-Topic Analysis","Topic k3"
"GO:0030020","MF","GO:0030020","extracellular matrix structural constituent conferring tensile strength","4/95","47/17050",0.00013427151350399,0.00292711899438698,0.00244515493012529,"COL8A1/COL4A1/COL11A1/COL4A2",4,"4-Topic Analysis","Topic k3"
"GO:1901681","MF","GO:1901681","sulfur compound binding","7/95","233/17050",0.000324072935938384,0.00642253636677887,0.00536503520740099,"FN1/POSTN/FSTL1/THBS2/THBS1/CCDC80/COL11A1",7,"4-Topic Analysis","Topic k3"
"GO:0002480","BP","GO:0002480","antigen processing and presentation of exogenous peptide antigen via MHC class I, TAP-independent","9/105","46/17073",8.09545915458911e-12,1.08360236055253e-08,8.65831688281036e-09,"HLA-C/HLA-C/HLA-C/HLA-C/HLA-C/HLA-C/HLA-C/B2M/B2M",9,"4-Topic Analysis","Topic k1"
"GO:00301981","BP","GO:0030198","extracellular matrix organization","18/105","371/17073",1.10854461437599e-11,1.08360236055253e-08,8.65831688281036e-09,"TIMP1/DCN/LUM/COL3A1/MFAP4/FBLN2/EGFL6/PDGFRA/CRISPLD2/COL1A1/COL14A1/RGCC/ITGA1/LAMA2/CST3/ADAMTS9/VTN/CTSL",18,"4-Topic Analysis","Topic k1"
"GO:00430621","BP","GO:0043062","extracellular structure organization","18/105","430/17073",1.25223016491991e-10,8.16036657472808e-08,6.52038443768823e-08,"TIMP1/DCN/LUM/COL3A1/MFAP4/FBLN2/EGFL6/PDGFRA/CRISPLD2/COL1A1/COL14A1/RGCC/ITGA1/LAMA2/CST3/ADAMTS9/VTN/CTSL",18,"4-Topic Analysis","Topic k1"
"GO:0001890","BP","GO:0001890","placenta development","11/105","154/17073",2.70146245538694e-09,1.15897441778369e-06,9.26056285363304e-07,"DCN/IGF2/IGF2/CDKN1C/CDKN1C/HSD17B2/RSPO3/HAND1/WNT2/CEBPB/JUNB",11,"4-Topic Analysis","Topic k1"
"GO:0048732","BP","GO:0048732","gland development","17/105","461/17073",2.96412894573834e-09,1.15897441778369e-06,9.26056285363304e-07,"IGF2/IGF2/CDKN1C/CDKN1C/SERPINE2/PDGFRA/FRZB/PRL/TGFBR3/HAND2/TGM2/CST3/VTN/PRLR/WNT2/CEBPB/FGF7",17,"4-Topic Analysis","Topic k1"
"GO:0001892","BP","GO:0001892","embryonic placenta development","9/105","92/17073",5.05426413820082e-09,1.6468477316971e-06,1.31588210194562e-06,"IGF2/IGF2/CDKN1C/CDKN1C/RSPO3/HAND1/WNT2/CEBPB/JUNB",9,"4-Topic Analysis","Topic k1"
"GO:0001649","BP","GO:0001649","osteoblast differentiation","12/105","229/17073",1.65389997453677e-08,4.61910635745627e-06,3.69080836422943e-06,"CYP24A1/IGFBP3/CEBPD/IGF2/IGF2/COL1A1/HAND2/IL6ST/CEBPB/CCN4/RSPO2/JUNB",12,"4-Topic Analysis","Topic k1"
"GO:0048608","BP","GO:0048608","reproductive structure development","15/105","424/17073",4.76802642047391e-08,1.13605084908546e-05,9.07739647351092e-06,"DCN/IGF2/IGF2/CDKN1C/CDKN1C/HSD17B2/SERPINE2/PDGFRA/RSPO3/HAND1/CST3/WNT2/CEBPB/SLIT2/JUNB",15,"4-Topic Analysis","Topic k1"
"GO:0061458","BP","GO:0061458","reproductive system development","15/105","427/17073",5.22990160704302e-08,1.13605084908546e-05,9.07739647351092e-06,"DCN/IGF2/IGF2/CDKN1C/CDKN1C/HSD17B2/SERPINE2/PDGFRA/RSPO3/HAND1/CST3/WNT2/CEBPB/SLIT2/JUNB",15,"4-Topic Analysis","Topic k1"
"GO:0001503","BP","GO:0001503","ossification","14/105","400/17073",1.58419427607897e-07,3.09709980973439e-05,2.47467821652757e-05,"CYP24A1/MGP/IGFBP3/CEBPD/IGF2/IGF2/COL1A1/HAND2/IL6ST/ZBTB16/CEBPB/CCN4/RSPO2/JUNB",14,"4-Topic Analysis","Topic k1"
"GO:0051216","BP","GO:0051216","cartilage development","10/105","190/17073",2.65517381132302e-07,4.71896800103319e-05,3.770600895697e-05,"TIMP1/LUM/MGP/FRZB/COL1A1/HAND2/HAND1/ZBTB16/CCN4/RSPO2",10,"4-Topic Analysis","Topic k1"
"GO:0002479","BP","GO:0002479","antigen processing and presentation of exogenous peptide antigen via MHC class I, TAP-dependent","9/105","147/17073",3.02794146953784e-07,4.93302131078873e-05,3.94163608841592e-05,"HLA-C/HLA-C/HLA-C/HLA-C/HLA-C/HLA-C/HLA-C/B2M/B2M",9,"4-Topic Analysis","Topic k1"
"GO:00017011","BP","GO:0001701","in utero embryonic development","13/105","363/17073",3.50459391858064e-07,5.02031997413678e-05,4.01139041142495e-05,"IGF2/IGF2/CDKN1C/CDKN1C/HSD17B2/PDGFRA/RSPO3/HAND2/HOPX/HAND1/WNT2/CEBPB/JUNB",13,"4-Topic Analysis","Topic k1"
"GO:0042590","BP","GO:0042590","antigen processing and presentation of exogenous peptide antigen via MHC class I","9/105","150/17073",3.59511404797519e-07,5.02031997413678e-05,4.01139041142495e-05,"HLA-C/HLA-C/HLA-C/HLA-C/HLA-C/HLA-C/HLA-C/B2M/B2M",9,"4-Topic Analysis","Topic k1"
"GO:0060669","BP","GO:0060669","embryonic placenta morphogenesis","5/105","27/17073",5.79432810923479e-07,7.55194096903601e-05,6.03423362393293e-05,"IGF2/IGF2/CDKN1C/CDKN1C/RSPO3",5,"4-Topic Analysis","Topic k1"
"GO:0002474","BP","GO:0002474","antigen processing and presentation of peptide antigen via MHC class I","9/105","168/17073",9.34519350175767e-07,0.000114186583099601,9.12385997145288e-05,"HLA-C/HLA-C/HLA-C/HLA-C/HLA-C/HLA-C/HLA-C/B2M/B2M",9,"4-Topic Analysis","Topic k1"
"GO:0060333","BP","GO:0060333","interferon-gamma-mediated signaling pathway","9/105","189/17073",2.48523286336957e-06,0.0002858017792875,0.000228364431531916,"HLA-C/HLA-C/HLA-C/HLA-C/HLA-C/HLA-C/HLA-C/B2M/B2M",9,"4-Topic Analysis","Topic k1"
"GO:0061448","BP","GO:0061448","connective tissue development","10/105","251/17073",3.34518196523354e-06,0.000363323930112866,0.000290307019672899,"TIMP1/LUM/MGP/FRZB/COL1A1/HAND2/HAND1/ZBTB16/CCN4/RSPO2",10,"4-Topic Analysis","Topic k1"
"GO:0060337","BP","GO:0060337","type I interferon signaling pathway","7/105","127/17073",1.32765027351099e-05,0.001297778142357,0.00103696473994227,"HLA-C/HLA-C/HLA-C/HLA-C/HLA-C/HLA-C/HLA-C",7,"4-Topic Analysis","Topic k1"
"GO:0071357","BP","GO:0071357","cellular response to type I interferon","7/105","127/17073",1.32765027351099e-05,0.001297778142357,0.00103696473994227,"HLA-C/HLA-C/HLA-C/HLA-C/HLA-C/HLA-C/HLA-C",7,"4-Topic Analysis","Topic k1"
"GO:0034340","BP","GO:0034340","response to type I interferon","7/105","131/17073",1.62521627040916e-05,0.00151299895649995,0.00120893280465523,"HLA-C/HLA-C/HLA-C/HLA-C/HLA-C/HLA-C/HLA-C",7,"4-Topic Analysis","Topic k1"
"GO:0048568","BP","GO:0048568","embryonic organ development","12/105","446/17073",1.89011987732728e-05,0.00167962925462493,0.00134207554926014,"IGF2/IGF2/CDKN1C/CDKN1C/PDGFRA/FRZB/RSPO3/HAND2/HAND1/WNT2/CEBPB/JUNB",12,"4-Topic Analysis","Topic k1"
"GO:00610411","BP","GO:0061041","regulation of wound healing","7/105","137/17073",2.17339060051627e-05,0.00184738201043883,0.00147611517215842,"SERPINE2/PDGFRA/VTN/PLPP3/CCN4/WFDC1/KNG1",7,"4-Topic Analysis","Topic k1"
"GO:0072376","BP","GO:0072376","protein activation cascade","6/105","93/17073",2.31594077232588e-05,0.00188652675412379,0.00150739302900509,"RGCC/C1S/C1R/VTN/MASP1/KNG1",6,"4-Topic Analysis","Topic k1"
"GO:0050673","BP","GO:0050673","epithelial cell proliferation","11/105","385/17073",2.48474393899079e-05,0.0019430697602908,0.00155257263387888,"IGFBP3/CDKN1C/CDKN1C/PRL/RGCC/TGFBR3/IGFBP4/WNT2/CEBPB/WFDC1/FGF7",11,"4-Topic Analysis","Topic k1"
"GO:0060536","BP","GO:0060536","cartilage morphogenesis","3/105","10/17073",2.62871517848801e-05,0.0019765916053631,0.00157935762140737,"HAND2/HAND1/RSPO2",3,"4-Topic Analysis","Topic k1"
"GO:0035272","BP","GO:0035272","exocrine system development","5/105","58/17073",2.82727734908715e-05,0.00204715822869088,0.00163574252867265,"IGF2/IGF2/TGM2/CST3/FGF7",5,"4-Topic Analysis","Topic k1"
"GO:0002478","BP","GO:0002478","antigen processing and presentation of exogenous peptide antigen","10/105","323/17073",3.00986529691043e-05,0.00210153094837853,0.00167918800775003,"HLA-C/HLA-C/HLA-C/HLA-C/HLA-C/HLA-C/HLA-C/B2M/B2M/CTSL",10,"4-Topic Analysis","Topic k1"
"GO:0019884","BP","GO:0019884","antigen processing and presentation of exogenous antigen","10/105","325/17073",3.1719118952692e-05,0.00210278759231301,0.00168019210498991,"HLA-C/HLA-C/HLA-C/HLA-C/HLA-C/HLA-C/HLA-C/B2M/B2M/CTSL",10,"4-Topic Analysis","Topic k1"
"GO:0071346","BP","GO:0071346","cellular response to interferon-gamma","9/105","260/17073",3.22678402912482e-05,0.00210278759231301,0.00168019210498991,"HLA-C/HLA-C/HLA-C/HLA-C/HLA-C/HLA-C/HLA-C/B2M/B2M",9,"4-Topic Analysis","Topic k1"
"GO:0048002","BP","GO:0048002","antigen processing and presentation of peptide antigen","10/105","335/17073",4.09916705999163e-05,0.0025102215256795,0.00200574437695969,"HLA-C/HLA-C/HLA-C/HLA-C/HLA-C/HLA-C/HLA-C/B2M/B2M/CTSL",10,"4-Topic Analysis","Topic k1"
"GO:0006826","BP","GO:0006826","iron ion transport","5/105","63/17073",4.23266472274624e-05,0.0025102215256795,0.00200574437695969,"FTL/FTH1/B2M/B2M/TFRC",5,"4-Topic Analysis","Topic k1"
"GO:0048009","BP","GO:0048009","insulin-like growth factor receptor signaling pathway","4/105","32/17073",4.25413591504214e-05,0.0025102215256795,0.00200574437695969,"IGFBP3/CILP/IGFBP4/PIK3R1",4,"4-Topic Analysis","Topic k1"
"GO:0032963","BP","GO:0032963","collagen metabolic process","6/105","104/17073",4.36560265335566e-05,0.0025102215256795,0.00200574437695969,"MFAP4/COL1A1/RGCC/CST3/COL15A1/CTSL",6,"4-Topic Analysis","Topic k1"
"GO:00015251","BP","GO:0001525","angiogenesis","12/105","495/17073",5.22341784852523e-05,0.00291765196967623,0.00233129386081547,"DCN/PROK1/PDGFRA/PRL/RGCC/RSPO3/HAND2/HAND1/ADAMTS9/COL15A1/HSPB6/SLIT2",12,"4-Topic Analysis","Topic k1"
"GO:0071514","BP","GO:0071514","genetic imprinting","4/105","35/17073",6.10712279508885e-05,0.00331650696233297,0.00264999129471107,"IGF2/IGF2/CDKN1C/CDKN1C",4,"4-Topic Analysis","Topic k1"
"GO:0034341","BP","GO:0034341","response to interferon-gamma","9/105","286/17073",6.75534756147712e-05,0.00356937958991561,0.00285204431898493,"HLA-C/HLA-C/HLA-C/HLA-C/HLA-C/HLA-C/HLA-C/B2M/B2M",9,"4-Topic Analysis","Topic k1"
"GO:19030341","BP","GO:1903034","regulation of response to wounding","7/105","165/17073",7.13127404455427e-05,0.00366885283081674,0.00293152650474198,"SERPINE2/PDGFRA/VTN/PLPP3/CCN4/WFDC1/KNG1",7,"4-Topic Analysis","Topic k1"
"GO:0030099","BP","GO:0030099","myeloid cell differentiation","11/105","437/17073",7.81871010000098e-05,0.00391937903730819,0.00313170466623521,"CDKN1C/CDKN1C/TGFBR3/B2M/B2M/ZBTB16/TFRC/CEBPB/CCN4/PIK3R1/JUNB",11,"4-Topic Analysis","Topic k1"
"GO:0006956","BP","GO:0006956","complement activation","5/105","72/17073",8.06451532111882e-05,0.00394153186319682,0.0031494054569843,"RGCC/C1S/C1R/VTN/MASP1",5,"4-Topic Analysis","Topic k1"
"GO:0022407","BP","GO:0022407","regulation of cell-cell adhesion","11/105","446/17073",9.37038263028174e-05,0.00437061837875929,0.00349225880957264,"IGF2/IGF2/SFTPD/SERPINE2/RGCC/IL6ST/PLPP3/ZBTB16/TFRC/CEBPB/PIK3R1",11,"4-Topic Analysis","Topic k1"
"GO:0019882","BP","GO:0019882","antigen processing and presentation","10/105","370/17073",9.38956378045475e-05,0.00437061837875929,0.00349225880957264,"HLA-C/HLA-C/HLA-C/HLA-C/HLA-C/HLA-C/HLA-C/B2M/B2M/CTSL",10,"4-Topic Analysis","Topic k1"
"GO:00715591","BP","GO:0071559","response to transforming growth factor beta","8/105","234/17073",9.82815267073109e-05,0.00446838103983239,0.00357037418931822,"COL3A1/CDKN1C/CDKN1C/CILP/COL1A1/TGFBR3/MXRA5/WNT2",8,"4-Topic Analysis","Topic k1"
"GO:0055072","BP","GO:0055072","iron ion homeostasis","5/105","76/17073",0.000104435189487762,0.00464024535110399,0.00370769907176649,"FTL/FTH1/B2M/B2M/TFRC",5,"4-Topic Analysis","Topic k1"
"GO:0061045","BP","GO:0061045","negative regulation of wound healing","5/105","77/17073",0.000111146046144661,0.00482867822695137,0.00385826274803922,"SERPINE2/PDGFRA/VTN/WFDC1/KNG1",5,"4-Topic Analysis","Topic k1"
"GO:0001829","BP","GO:0001829","trophectodermal cell differentiation","3/105","18/17073",0.000172460191788652,0.00710231361527208,0.00567496750844731,"HOPX/HAND1/JUNB",3,"4-Topic Analysis","Topic k1"
"GO:0007096","BP","GO:0007096","regulation of exit from mitosis","3/105","18/17073",0.000172460191788652,0.00710231361527208,0.00567496750844731,"CDKN1C/CDKN1C/RGCC",3,"4-Topic Analysis","Topic k1"
"GO:0045861","BP","GO:0045861","negative regulation of proteolysis","9/105","325/17073",0.000177897139844098,0.00710231361527208,0.00567496750844731,"TIMP1/SLPI/TIMP3/SERPINE2/TFPI2/CST3/VTN/WFDC1/KNG1",9,"4-Topic Analysis","Topic k1"
"GO:0050680","BP","GO:0050680","negative regulation of epithelial cell proliferation","6/105","134/17073",0.000178011952505541,0.00710231361527208,0.00567496750844731,"CDKN1C/CDKN1C/PRL/RGCC/TGFBR3/WFDC1",6,"4-Topic Analysis","Topic k1"
"GO:00075961","BP","GO:0007596","blood coagulation","9/105","330/17073",0.000199336700631687,0.00766518638835147,0.00612472020477242,"COL3A1/SERPINE2/PDGFRA/TFPI2/COL1A1/PF4V1/VTN/PIK3R1/KNG1",9,"4-Topic Analysis","Topic k1"
"GO:0043567","BP","GO:0043567","regulation of insulin-like growth factor receptor signaling pathway","3/105","19/17073",0.000203882195495794,0.00766518638835147,0.00612472020477242,"IGFBP3/CILP/IGFBP4",3,"4-Topic Analysis","Topic k1"
"GO:0060396","BP","GO:0060396","growth hormone receptor signaling pathway","3/105","19/17073",0.000203882195495794,0.00766518638835147,0.00612472020477242,"PRL/PRLR/PIK3R1",3,"4-Topic Analysis","Topic k1"
"GO:00508171","BP","GO:0050817","coagulation","9/105","334/17073",0.000218001269779918,0.00804136759282528,0.00642530058298706,"COL3A1/SERPINE2/PDGFRA/TFPI2/COL1A1/PF4V1/VTN/PIK3R1/KNG1",9,"4-Topic Analysis","Topic k1"
"GO:00075991","BP","GO:0007599","hemostasis","9/105","336/17073",0.000227865646368947,0.00819010758255427,0.00654414841971223,"COL3A1/SERPINE2/PDGFRA/TFPI2/COL1A1/PF4V1/VTN/PIK3R1/KNG1",9,"4-Topic Analysis","Topic k1"
"GO:0010951","BP","GO:0010951","negative regulation of endopeptidase activity","7/105","200/17073",0.00023540671091875,0.00819010758255427,0.00654414841971223,"TIMP1/SLPI/TIMP3/TFPI2/CST3/VTN/WFDC1",7,"4-Topic Analysis","Topic k1"
"GO:0002726","BP","GO:0002726","positive regulation of T cell cytokine production","3/105","20/17073",0.000238790860463219,0.00819010758255427,0.00654414841971223,"B2M/B2M/IL1R1",3,"4-Topic Analysis","Topic k1"
"GO:0071378","BP","GO:0071378","cellular response to growth hormone stimulus","3/105","20/17073",0.000238790860463219,0.00819010758255427,0.00654414841971223,"PRL/PRLR/PIK3R1",3,"4-Topic Analysis","Topic k1"
"GO:1903035","BP","GO:1903035","negative regulation of response to wounding","5/105","91/17073",0.000244409352476894,0.00823828076021255,0.00658264027360637,"SERPINE2/PDGFRA/VTN/WFDC1/KNG1",5,"4-Topic Analysis","Topic k1"
"GO:00301951","BP","GO:0030195","negative regulation of blood coagulation","4/105","50/17073",0.000250265895809614,0.00829270892047111,0.00662613005140887,"SERPINE2/PDGFRA/VTN/KNG1",4,"4-Topic Analysis","Topic k1"
"GO:19000471","BP","GO:1900047","negative regulation of hemostasis","4/105","51/17073",0.000270288773256099,0.00880690919526123,0.00703699192126405,"SERPINE2/PDGFRA/VTN/KNG1",4,"4-Topic Analysis","Topic k1"
"GO:0030278","BP","GO:0030278","regulation of ossification","7/105","206/17073",0.00028184243466162,0.00903281901251586,0.00721750082895331,"MGP/CEBPD/HAND2/IL6ST/ZBTB16/CEBPB/CCN4",7,"4-Topic Analysis","Topic k1"
"GO:00508191","BP","GO:0050819","negative regulation of coagulation","4/105","52/17073",0.000291436849486946,0.00918966194753191,0.0073428231687373,"SERPINE2/PDGFRA/VTN/KNG1",4,"4-Topic Analysis","Topic k1"
"GO:0045778","BP","GO:0045778","positive regulation of ossification","5/105","95/17073",0.000298659235731579,0.00926791755325772,0.0074053518099526,"CEBPD/IL6ST/ZBTB16/CEBPB/CCN4",5,"4-Topic Analysis","Topic k1"
"GO:0050727","BP","GO:0050727","regulation of inflammatory response","10/105","428/17073",0.000305054010396864,0.0093184467238417,0.00744572617481819,"IL1RL1/C1S/C1R/TGM2/IL6ST/VTN/IL1R1/CEBPB/CCN4/WFDC1",10,"4-Topic Analysis","Topic k1"
"GO:0010466","BP","GO:0010466","negative regulation of peptidase activity","7/105","210/17073",0.000316699526439689,0.00952534729522449,0.00761104610909309,"TIMP1/SLPI/TIMP3/TFPI2/CST3/VTN/WFDC1",7,"4-Topic Analysis","Topic k1"
"GO:00310122","CC","GO:0031012","extracellular matrix","30/105","490/17712",1.81697507249702e-22,2.79814161164541e-20,1.87435323268114e-20,"TIMP1/DCN/LUM/SLPI/COL3A1/TIMP3/MGP/MFAP4/FBLN2/EGFL6/CILP/S100A6/SERPINE2/TFPI2/DPT/CRISPLD2/COL1A1/COL14A1/TGFBR3/LAMA2/TGM2/MXRA5/CST3/ADAMTS9/VTN/ANGPTL2/WNT2/COL15A1/CTSL/KNG1",30,"4-Topic Analysis","Topic k1"
"GO:00620232","CC","GO:0062023","collagen-containing extracellular matrix","27/105","413/17712",6.03213305409773e-21,4.64474245165525e-19,3.1113107331662e-19,"TIMP1/DCN/LUM/SLPI/COL3A1/TIMP3/MGP/MFAP4/FBLN2/EGFL6/CILP/S100A6/SERPINE2/DPT/COL1A1/COL14A1/LAMA2/TGM2/MXRA5/CST3/ADAMTS9/VTN/ANGPTL2/WNT2/COL15A1/CTSL/KNG1",27,"4-Topic Analysis","Topic k1"
"GO:0042612","CC","GO:0042612","MHC class I protein complex","9/105","46/17712",5.85517829022308e-12,3.00565818898118e-10,2.01335955242759e-10,"HLA-C/HLA-C/HLA-C/HLA-C/HLA-C/HLA-C/HLA-C/B2M/B2M",9,"4-Topic Analysis","Topic k1"
"GO:0098552","CC","GO:0098552","side of membrane","18/105","495/17712",6.75085957353657e-10,2.59908093581158e-08,1.74101115317522e-08,"IL1RL1/S100A6/SERPINE2/PDGFRA/ITGA1/TGFBR3/HLA-C/HLA-C/HLA-C/HLA-C/HLA-C/HLA-C/HLA-C/B2M/B2M/IL1R1/WNT2/TFRC",18,"4-Topic Analysis","Topic k1"
"GO:0055038","CC","GO:0055038","recycling endosome membrane","9/105","112/17712",2.11430406745533e-08,6.51205652776242e-07,4.36214312864468e-07,"HLA-C/HLA-C/HLA-C/HLA-C/HLA-C/HLA-C/HLA-C/B2M/B2M",9,"4-Topic Analysis","Topic k1"
"GO:0030670","CC","GO:0030670","phagocytic vesicle membrane","9/105","130/17712",7.75787188003749e-08,1.99118711587629e-06,1.33380955130469e-06,"HLA-C/HLA-C/HLA-C/HLA-C/HLA-C/HLA-C/HLA-C/B2M/B2M",9,"4-Topic Analysis","Topic k1"
"GO:0042611","CC","GO:0042611","MHC protein complex","9/105","135/17712",1.07470279352306e-07,2.36434614575072e-06,1.58377253782345e-06,"HLA-C/HLA-C/HLA-C/HLA-C/HLA-C/HLA-C/HLA-C/B2M/B2M",9,"4-Topic Analysis","Topic k1"
"GO:0012507","CC","GO:0012507","ER to Golgi transport vesicle membrane","9/105","140/17712",1.46936427698675e-07,2.82852623319948e-06,1.89470656769343e-06,"HLA-C/HLA-C/HLA-C/HLA-C/HLA-C/HLA-C/HLA-C/B2M/B2M",9,"4-Topic Analysis","Topic k1"
"GO:0030662","CC","GO:0030662","coated vesicle membrane","11/105","253/17712",3.10174718365915e-07,5.30743406981677e-06,3.55521899413564e-06,"HLA-C/HLA-C/HLA-C/HLA-C/HLA-C/HLA-C/HLA-C/B2M/B2M/CHRM2/TFRC",11,"4-Topic Analysis","Topic k1"
"GO:0030134","CC","GO:0030134","COPII-coated ER to Golgi transport vesicle","9/105","155/17712",3.50218950149325e-07,5.3933718322996e-06,3.61278495943514e-06,"HLA-C/HLA-C/HLA-C/HLA-C/HLA-C/HLA-C/HLA-C/B2M/B2M",9,"4-Topic Analysis","Topic k1"
"GO:00057882","CC","GO:0005788","endoplasmic reticulum lumen","12/105","321/17712",4.42496144123507e-07,6.1949460177291e-06,4.14972460517738e-06,"TIMP1/COL3A1/IGFBP3/COL1A1/COL14A1/B2M/B2M/CST3/VTN/IGFBP4/COL15A1/KNG1",12,"4-Topic Analysis","Topic k1"
"GO:0055037","CC","GO:0055037","recycling endosome","10/105","212/17712",5.23479739440354e-07,6.71798998948455e-06,4.50008898817147e-06,"HLA-C/HLA-C/HLA-C/HLA-C/HLA-C/HLA-C/HLA-C/B2M/B2M/TFRC",10,"4-Topic Analysis","Topic k1"
"GO:00444201","CC","GO:0044420","extracellular matrix component","6/105","53/17712",6.88218900976229e-07,8.15274698079533e-06,5.46117022637008e-06,"LUM/COL3A1/MFAP4/COL1A1/COL14A1/COL15A1",6,"4-Topic Analysis","Topic k1"
"GO:0005581","CC","GO:0005581","collagen trimer","7/105","89/17712",9.72303549943005e-07,1.04472582854088e-05,6.99816344477145e-06,"DCN/LUM/COL3A1/SFTPD/COL1A1/COL14A1/COL15A1",7,"4-Topic Analysis","Topic k1"
"GO:0030135","CC","GO:0030135","coated vesicle","12/105","348/17712",1.03876749319357e-06,1.04472582854088e-05,6.99816344477145e-06,"SFTPD/HLA-C/HLA-C/HLA-C/HLA-C/HLA-C/HLA-C/HLA-C/B2M/B2M/CHRM2/TFRC",12,"4-Topic Analysis","Topic k1"
"GO:00056041","CC","GO:0005604","basement membrane","7/105","91/17712",1.13115466040286e-06,1.04472582854088e-05,6.99816344477145e-06,"TIMP1/TIMP3/EGFL6/LAMA2/CST3/VTN/COL15A1",7,"4-Topic Analysis","Topic k1"
"GO:0031904","CC","GO:0031904","endosome lumen","5/105","32/17712",1.17935464525131e-06,1.04472582854088e-05,6.99816344477145e-06,"PRL/B2M/B2M/PRLR/CTSL",5,"4-Topic Analysis","Topic k1"
"GO:00347741","CC","GO:0034774","secretory granule lumen","12/105","354/17712",1.24245627717066e-06,1.04472582854088e-05,6.99816344477145e-06,"TIMP1/FTL/SLPI/TIMP3/IGF2/IGF2/CRISPLD2/B2M/B2M/NPC2/CXCL1/KNG1",12,"4-Topic Analysis","Topic k1"
"GO:0031901","CC","GO:0031901","early endosome membrane","9/105","181/17712",1.28894745079719e-06,1.04472582854088e-05,6.99816344477145e-06,"HLA-C/HLA-C/HLA-C/HLA-C/HLA-C/HLA-C/HLA-C/B2M/B2M",9,"4-Topic Analysis","Topic k1"
"GO:0045335","CC","GO:0045335","phagocytic vesicle","9/105","185/17712",1.54562995398829e-06,1.1828157846633e-05,7.92316793554363e-06,"HLA-C/HLA-C/HLA-C/HLA-C/HLA-C/HLA-C/HLA-C/B2M/B2M",9,"4-Topic Analysis","Topic k1"
"GO:0009897","CC","GO:0009897","external side of plasma membrane","10/105","240/17712",1.61867685232848e-06,1.1828157846633e-05,7.92316793554363e-06,"IL1RL1/SERPINE2/PDGFRA/ITGA1/TGFBR3/B2M/B2M/IL1R1/WNT2/TFRC",10,"4-Topic Analysis","Topic k1"
"GO:0030660","CC","GO:0030660","Golgi-associated vesicle membrane","9/105","187/17712",1.68973683523328e-06,1.1828157846633e-05,7.92316793554363e-06,"HLA-C/HLA-C/HLA-C/HLA-C/HLA-C/HLA-C/HLA-C/B2M/B2M",9,"4-Topic Analysis","Topic k1"
"GO:00602051","CC","GO:0060205","cytoplasmic vesicle lumen","12/105","372/17712",2.08206816161896e-06,1.37366212630855e-05,9.20156448244962e-06,"TIMP1/FTL/SLPI/TIMP3/IGF2/IGF2/CRISPLD2/B2M/B2M/NPC2/CXCL1/KNG1",12,"4-Topic Analysis","Topic k1"
"GO:00319831","CC","GO:0031983","vesicle lumen","12/105","373/17712",2.14077214489644e-06,1.37366212630855e-05,9.20156448244962e-06,"TIMP1/FTL/SLPI/TIMP3/IGF2/IGF2/CRISPLD2/B2M/B2M/NPC2/CXCL1/KNG1",12,"4-Topic Analysis","Topic k1"
"GO:1904724","CC","GO:1904724","tertiary granule lumen","6/105","67/17712",2.79762335662374e-06,1.72333598768023e-05,1.15438774294369e-05,"FTH1/METTL7A/B2M/B2M/CST3/CXCL1",6,"4-Topic Analysis","Topic k1"
"GO:0071556","CC","GO:0071556","integral component of lumenal side of endoplasmic reticulum membrane","7/105","117/17712",6.11136543042184e-06,3.48574176401838e-05,2.33494663618456e-05,"HLA-C/HLA-C/HLA-C/HLA-C/HLA-C/HLA-C/HLA-C",7,"4-Topic Analysis","Topic k1"
"GO:0098553","CC","GO:0098553","lumenal side of endoplasmic reticulum membrane","7/105","117/17712",6.11136543042184e-06,3.48574176401838e-05,2.33494663618456e-05,"HLA-C/HLA-C/HLA-C/HLA-C/HLA-C/HLA-C/HLA-C",7,"4-Topic Analysis","Topic k1"
"GO:0005798","CC","GO:0005798","Golgi-associated vesicle","9/105","232/17712",9.81193855043923e-06,5.39656620274157e-05,3.61492472910919e-05,"HLA-C/HLA-C/HLA-C/HLA-C/HLA-C/HLA-C/HLA-C/B2M/B2M",9,"4-Topic Analysis","Topic k1"
"GO:0030176","CC","GO:0030176","integral component of endoplasmic reticulum membrane","9/105","235/17712",1.08764304734843e-05,5.77575963074683e-05,3.86892989619405e-05,"HLA-C/HLA-C/HLA-C/HLA-C/HLA-C/HLA-C/HLA-C/B2M/B2M",9,"4-Topic Analysis","Topic k1"
"GO:0031227","CC","GO:0031227","intrinsic component of endoplasmic reticulum membrane","9/105","241/17712",1.33041845125215e-05,6.82948138309436e-05,4.57477221834072e-05,"HLA-C/HLA-C/HLA-C/HLA-C/HLA-C/HLA-C/HLA-C/B2M/B2M",9,"4-Topic Analysis","Topic k1"
"GO:0005769","CC","GO:0005769","early endosome","11/105","392/17712",2.09843452876237e-05,0.000104244812074002,6.98290607194269e-05,"HLA-C/HLA-C/HLA-C/HLA-C/HLA-C/HLA-C/HLA-C/PARM1/B2M/B2M/TFRC",11,"4-Topic Analysis","Topic k1"
"GO:0030666","CC","GO:0030666","endocytic vesicle membrane","9/105","267/17712",2.99027634762356e-05,0.000143907049229384,9.63970664694438e-05,"HLA-C/HLA-C/HLA-C/HLA-C/HLA-C/HLA-C/HLA-C/B2M/B2M",9,"4-Topic Analysis","Topic k1"
"GO:0030658","CC","GO:0030658","transport vesicle membrane","9/105","277/17712",3.98442311037628e-05,0.000185939745150893,0.000124552939335526,"HLA-C/HLA-C/HLA-C/HLA-C/HLA-C/HLA-C/HLA-C/B2M/B2M",9,"4-Topic Analysis","Topic k1"
"GO:0005583","CC","GO:0005583","fibrillar collagen trimer","3/105","17/17712",0.000129586447387157,0.000564673117653439,0.000378249935270246,"LUM/COL3A1/COL1A1",3,"4-Topic Analysis","Topic k1"
"GO:0098643","CC","GO:0098643","banded collagen fibril","3/105","17/17712",0.000129586447387157,0.000564673117653439,0.000378249935270246,"LUM/COL3A1/COL1A1",3,"4-Topic Analysis","Topic k1"
"GO:0030139","CC","GO:0030139","endocytic vesicle","10/105","400/17712",0.000132001508022882,0.000564673117653439,0.000378249935270246,"SFTPD/HLA-C/HLA-C/HLA-C/HLA-C/HLA-C/HLA-C/HLA-C/B2M/B2M",10,"4-Topic Analysis","Topic k1"
"GO:00310911","CC","GO:0031091","platelet alpha granule","5/105","100/17712",0.000320497412685815,0.00133396220415177,0.000893563198953339,"TIMP1/IGF2/IGF2/SERPINE2/KNG1",5,"4-Topic Analysis","Topic k1"
"GO:0030133","CC","GO:0030133","transport vesicle","10/105","449/17712",0.000333939443113951,0.0013533335326197,0.000906539208453385,"CRISPLD2/HLA-C/HLA-C/HLA-C/HLA-C/HLA-C/HLA-C/HLA-C/B2M/B2M",10,"4-Topic Analysis","Topic k1"
"GO:00986441","CC","GO:0098644","complex of collagen trimers","3/105","24/17712",0.000374244579217221,0.00147778628716544,0.000989904689967278,"LUM/COL3A1/COL1A1",3,"4-Topic Analysis","Topic k1"
"GO:00310931","CC","GO:0031093","platelet alpha granule lumen","4/105","70/17712",0.000791779702684882,0.0030483518553368,0.00204195818060838,"TIMP1/IGF2/IGF2/KNG1",4,"4-Topic Analysis","Topic k1"
"GO:0035580","CC","GO:0035580","specific granule lumen","4/105","78/17712",0.00118798916152853,0.00446220319208279,0.00298903563106024,"SLPI/B2M/B2M/CXCL1",4,"4-Topic Analysis","Topic k1"
"GO:0070820","CC","GO:0070820","tertiary granule","6/105","200/17712",0.00122530753109101,0.00449279428066703,0.00300952726934633,"FTH1/METTL7A/B2M/B2M/CST3/CXCL1",6,"4-Topic Analysis","Topic k1"
"GO:0072562","CC","GO:0072562","blood microparticle","5/105","136/17712",0.00129529096980073,0.00463894905463516,0.00310742998875083,"C1S/C1R/VTN/TFRC/KNG1",5,"4-Topic Analysis","Topic k1"
"GO:0044754","CC","GO:0044754","autolysosome","2/105","10/17712",0.00151861714121042,0.00531515999423646,0.00356039425451246,"FTL/FTH1",2,"4-Topic Analysis","Topic k1"
"GO:0043235","CC","GO:0043235","receptor complex","7/105","307/17712",0.00234809104430491,0.00803568935162124,0.00538275841735394,"ITGA1/TGFBR3/IL6ST/B2M/B2M/TFRC/LIFR",7,"4-Topic Analysis","Topic k1"
"GO:0098802","CC","GO:0098802","plasma membrane receptor complex","5/105","164/17712",0.00293705436909201,0.00983274723565586,0.00658652924876469,"ITGA1/IL6ST/B2M/B2M/TFRC",5,"4-Topic Analysis","Topic k1"
"GO:00052011","MF","GO:0005201","extracellular matrix structural constituent","15/103","183/17050",2.90556920731152e-13,6.79903194510897e-11,5.59704384145273e-11,"DCN/LUM/COL3A1/MGP/MFAP4/FBLN2/CILP/TFPI2/DPT/COL1A1/COL14A1/LAMA2/MXRA5/VTN/COL15A1",15,"4-Topic Analysis","Topic k1"
"GO:00082011","MF","GO:0008201","heparin binding","10/103","161/17050",4.72746044683381e-08,3.99035223966177e-06,3.28490535248809e-06,"SERPINE2/CRISPLD2/TGFBR3/RSPO3/PF4V1/VTN/RSPO2/FGF7/KNG1/SLIT2",10,"4-Topic Analysis","Topic k1"
"GO:00055391","MF","GO:0005539","glycosaminoglycan binding","11/103","208/17050",5.11583620469457e-08,3.99035223966177e-06,3.28490535248809e-06,"DCN/SERPINE2/CRISPLD2/TGFBR3/RSPO3/PF4V1/VTN/RSPO2/FGF7/KNG1/SLIT2",11,"4-Topic Analysis","Topic k1"
"GO:00198381","MF","GO:0019838","growth factor binding","9/103","132/17050",1.03096605819033e-07,6.03115144041342e-06,4.96491549075869e-06,"COL3A1/IGFBP3/PDGFRA/COL1A1/TGFBR3/IL6ST/IL1R1/CCN4/LIFR",9,"4-Topic Analysis","Topic k1"
"GO:19016811","MF","GO:1901681","sulfur compound binding","10/103","233/17050",1.45530052367601e-06,6.81080645080374e-05,5.60673675437285e-05,"SERPINE2/CRISPLD2/TGFBR3/RSPO3/PF4V1/VTN/RSPO2/FGF7/KNG1/SLIT2",10,"4-Topic Analysis","Topic k1"
"GO:0042605","MF","GO:0042605","peptide antigen binding","7/103","114/17050",5.79364333556438e-06,0.000217808803577625,0.000179302793768355,"HLA-C/HLA-C/HLA-C/HLA-C/HLA-C/HLA-C/HLA-C",7,"4-Topic Analysis","Topic k1"
"GO:0005518","MF","GO:0005518","collagen binding","6/103","76/17050",6.51564797027083e-06,0.000217808803577625,0.000179302793768355,"DCN/LUM/COL14A1/ITGA1/VTN/CTSL",6,"4-Topic Analysis","Topic k1"
"GO:0042277","MF","GO:0042277","peptide binding","10/103","308/17050",1.71204392711241e-05,0.000500772848680379,0.000412242156133645,"HLA-C/HLA-C/HLA-C/HLA-C/HLA-C/HLA-C/HLA-C/CST3/PRLR/PIK3R1",10,"4-Topic Analysis","Topic k1"
"GO:0003823","MF","GO:0003823","antigen binding","7/103","140/17050",2.22497664398271e-05,0.000578493927435503,0.000476223071168228,"HLA-C/HLA-C/HLA-C/HLA-C/HLA-C/HLA-C/HLA-C",7,"4-Topic Analysis","Topic k1"
"GO:0048407","MF","GO:0048407","platelet-derived growth factor binding","3/103","11/17050",3.41067101048501e-05,0.000798097016453493,0.000657002942019744,"COL3A1/PDGFRA/COL1A1",3,"4-Topic Analysis","Topic k1"
"GO:0004866","MF","GO:0004866","endopeptidase inhibitor activity","7/103","154/17050",4.10462182959888e-05,0.000873165007387398,0.000718799803652244,"TIMP1/SLPI/TIMP3/SERPINE2/CST3/WFDC1/KNG1",7,"4-Topic Analysis","Topic k1"
"GO:0061135","MF","GO:0061135","endopeptidase regulator activity","7/103","159/17050",5.03092067679295e-05,0.000911387224465297,0.000750264786671837,"TIMP1/SLPI/TIMP3/SERPINE2/CST3/WFDC1/KNG1",7,"4-Topic Analysis","Topic k1"
"GO:0030414","MF","GO:0030414","peptidase inhibitor activity","7/103","161/17050",5.44642285589761e-05,0.000911387224465297,0.000750264786671837,"TIMP1/SLPI/TIMP3/SERPINE2/CST3/WFDC1/KNG1",7,"4-Topic Analysis","Topic k1"
"GO:0004857","MF","GO:0004857","enzyme inhibitor activity","10/103","353/17050",5.4527440779975e-05,0.000911387224465297,0.000750264786671837,"TIMP1/SLPI/TIMP3/CDKN1C/CDKN1C/SERPINE2/CST3/WFDC1/KNG1/SLIT2",10,"4-Topic Analysis","Topic k1"
"GO:0033218","MF","GO:0033218","amide binding","10/103","358/17050",6.13289168955351e-05,0.000956731103570347,0.000787592406447924,"HLA-C/HLA-C/HLA-C/HLA-C/HLA-C/HLA-C/HLA-C/CST3/PRLR/PIK3R1",10,"4-Topic Analysis","Topic k1"
"GO:0005159","MF","GO:0005159","insulin-like growth factor receptor binding","3/103","15/17050",9.24114338014592e-05,0.00135151721934634,0.00111258502537283,"IGF2/IGF2/PIK3R1",3,"4-Topic Analysis","Topic k1"
"GO:0004896","MF","GO:0004896","cytokine receptor activity","5/103","77/17050",0.000102111532182095,0.00140553520768295,0.0011570532748807,"IL1RL1/IL6ST/IL1R1/PRLR/LIFR",5,"4-Topic Analysis","Topic k1"
"GO:00300201","MF","GO:0030020","extracellular matrix structural constituent conferring tensile strength","4/103","47/17050",0.000183496172963467,0.00229240616051534,0.00188713597559292,"COL3A1/COL1A1/COL14A1/COL15A1",4,"4-Topic Analysis","Topic k1"
"GO:0061134","MF","GO:0061134","peptidase regulator activity","7/103","196/17050",0.000186135542947827,0.00229240616051534,0.00188713597559292,"TIMP1/SLPI/TIMP3/SERPINE2/CST3/WFDC1/KNG1",7,"4-Topic Analysis","Topic k1"
"GO:0005158","MF","GO:0005158","insulin receptor binding","3/103","20/17050",0.000226505142678433,0.00265011016933767,0.00218160216369228,"IGF2/IGF2/PIK3R1",3,"4-Topic Analysis","Topic k1"
"GO:0008083","MF","GO:0008083","growth factor activity","6/103","144/17050",0.000238632620748901,0.00265904920263062,0.00218896088205759,"TIMP1/PROK1/IGF2/IGF2/FGF7/CXCL1",6,"4-Topic Analysis","Topic k1"
"GO:0019207","MF","GO:0019207","kinase regulator activity","6/103","172/17050",0.000615665453738052,0.00654844164430473,0.0053907549298595,"IGF2/IGF2/CDKN1C/CDKN1C/RGCC/PIK3R1",6,"4-Topic Analysis","Topic k1"
"GO:00051781","MF","GO:0005178","integrin binding","5/103","124/17050",0.000930391435560518,0.00946572156178962,0.00779229440309267,"COL3A1/IGF2/IGF2/EGFL6/VTN",5,"4-Topic Analysis","Topic k1"
